Customer_ID,Gender,age_when_order,CustFN,Country,Customer type
1,M,16.21081451,Albert Collet,FR,Member
2,F,33.36892539,Mercedes Martínez,ES,Normal
3,M,37.35249829,Pier Egidio Boeris,IT,Normal
4,M,41.25393566,James Kvarniq,US,Member
5,F,67.26899384,Sandrina Stephano,US,Normal
6,M,17.42642026,Rent Van Lint,BE,Normal
7,F,42.33264887,Julián Escorihuela Monserrate,ES,Member
8,M,50.32443532,Aki Ivonen,FI,Normal
9,F,61.19370294,Cornelia Krahl,DE,Member
10,F,44.31759069,Karen Ballinger,US,Member
11,F,42.28062971,Elke Wallstab,DE,Member
12,M,47.36208077,David Black,US,Member
13,M,50.29158111,Markus Sepke,DE,Normal
14,M,14.30253251,Albert Eulert,FR,Normal
15,F,14.43942505,Claudia Cambiaggi,IT,Normal
16,M,52.21355236,Ulrich Heyde,DE,Member
17,M,61.35797399,Jimmie Evans,US,Member
18,M,56.1724846,Tonie Asmussen,US,Normal
19,M,69.2183436,Oliver S. Füßling,DE,Normal
20,M,19.38672142,Michael Dineley,US,Normal
21,M,41.33333333,José Fernández de Mesa,ES,Member
22,M,23.36755647,Vildan Akbas,TR,Normal
23,M,25.39356605,Tulio Devereaux,US,Normal
24,F,25.32238193,Robyn Klem,US,Normal
25,M,27.35660507,Ssilvano Toninelli,IT,Member
26,M,37.40451745,Didier Serplet,FR,Member
27,F,59.27446954,Cynthia Mccluney,US,Normal
28,M,62.35455168,Avinoam Tuvia,IL,Normal
29,F,15.26625599,Candy Kinsey,AU,Normal
30,F,52.37508556,Barbara Santangelo,IT,Normal
31,F,24.3449692,Cynthia Martinez,US,Normal
32,M,40.25735797,Gavin Graham,AU,Member
33,M,57.19644079,Rolf Robak,DE,Normal
34,M,48.37782341,Alvan Goheen,US,Normal
35,M,57.27036277,Mike Merriott,GB,Member
36,M,40.19986311,Phenix Hill,US,Member
37,M,65.35249829,J.P. Venus,NL,Member
38,M,38.22313484,Everet Menzie,US,Normal
39,M,18.4202601,Alphone Greenwald,US,Normal
40,M,17.36618754,Mathieu Chatelin,FR,Member
41,M,15.24435318,Wendell Summersby,AU,Member
42,M,31.27720739,Thomas Leitmann,DE,Member
43,M,62.27241615,António Vidinha,PT,Member
44,M,21.36618754,Jacky Segretain,FR,Member
45,F,41.3853525,Dianne Patchin,US,Member
46,F,60.35318275,Anne Robain,FR,Member
47,M,56.32854209,Richard Tompsett,GB,Member
48,F,20.29568789,Daniela Loro Piana,IT,Member
49,F,27.30184805,Annmarie Leveille,US,Member
50,M,69.3744011,Gert-Gunter Mendler,DE,Member
51,M,38.275154,Jean-Claude Nogues,FR,Member
52,M,15.3100616,Yan Kozlowski,US,Member
53,F,23.41409993,Dericka Pockran,AU,Member
54,M,36.25188227,Ingemar Andersson,SE,Member
55,F,61.34702259,Barner Matthews,US,Normal
56,M,40.34223135,Roy Siferd,US,Normal
57,M,52.40793977,Rauol Suliman,ZA,Member
58,M,23.29637235,Vilmo Bortesi,IT,Normal
59,M,55.22518823,Martin Barnes,GB,Member
60,F,63.35934292,Tedi Lanzarone,US,Normal
61,M,20.32032854,Carsten Maestrini,DE,Member
62,M,38.33264887,Ihsan Robertson-Hector,US,Normal
63,M,36.27652293,James Klisurich,US,Member
64,M,46.35455168,Djosse Atchade,BJ,Member
65,F,13.32238193,Ines Deisser,DE,Member
66,F,42.37645448,Brigitte Harrand,AT,Member
67,F,38.29431896,Laura Donigaglia,IT,Normal
68,M,23.21149897,Giorgio Settineri,IT,Member
69,F,17.26214921,Patricia Bertolozzi,US,Normal
70,M,67.25256674,Frode Barazzoni,CH,Member
71,F,61.18275154,Viola Folsom,US,Normal
72,F,15.31279945,Mónica Aranda Unzurrunzaga,ES,Normal
73,F,28.36413415,Pilar Bachs Pallarés,ES,Member
74,F,51.35934292,Pamela Sandrucci,IT,Normal
75,M,57.229295,Mikel Spetz,US,Normal
76,F,16.23271732,Marcelle Fani-Kayode,GB,Normal
77,F,69.18548939,Stefanie Gecht,DE,Member
78,M,17.229295,Steph Usborne,GB,Member
79,F,23.36755647,Najma Hicks,US,Member
80,F,48.23545517,Therese Martinsen,NO,Normal
81,M,51.23066393,Tianzhu Egger,AT,Normal
82,M,66.23408624,Juha Viholainen,FI,Normal
83,F,49.23750856,Katrin Singldinger,DE,Normal
84,F,62.31348392,Catherine Gaillard,FR,Member
85,F,60.35318275,Neatta Duckworth,US,Member
86,M,22.36824093,Andy Goldsmith,GB,Normal
87,F,55.40041068,Marie-Helene Destombes,FR,Normal
88,M,43.41409993,Attila Gibbs,US,Member
89,F,51.17864476,Wynella Lewis,US,Normal
90,F,48.3340178,Kyndal Hooks,US,Normal
91,F,68.22450376,Rosy Dalli,IT,Member
92,M,37.25393566,Lendon Celii,US,Normal
93,F,67.18959617,Nathalie Mühlig,CH,Member
94,F,42.37371663,Samantha Best,GB,Member
95,M,13.30047912,F.R.E. Kuijpers,NL,Normal
96,M,14.38193018,Jim Coates,GB,Normal
97,M,47.41683778,Francisco Izquierdo Pereira,ES,Normal
98,F,53.28131417,Pershell Wittich,US,Normal
99,F,60.39151266,Geanie Riddle,US,Normal
100,M,33.36071184,George Lotz,ZA,Normal
101,F,54.40383299,Christine Herfroy,FR,Member
102,M,52.33675565,Orlando Movassaghi,US,Normal
103,F,45.26488706,Judy Hicks,US,Normal
104,F,55.40862423,Markisha Schopen,US,Normal
105,M,38.39561944,Guillaume Delerba,FR,Normal
106,M,52.20533881,Jean-Joseph Bouquin,FR,Member
107,F,18.20944559,Marsah Gillespie,US,Normal
108,F,63.38672142,Katja Delesen,DE,Normal
109,M,49.4017796,Jim Ziolowski,GB,Normal
110,F,45.34702259,Ayca Yolgegenli,TR,Member
111,F,69.25941136,Karolina Dokter,AU,Member
112,M,32.28473648,Sanjay Avram,US,Member
113,F,62.29158111,Anna Spinelli,CH,Normal
114,F,46.22861054,Mónica Arévalo,ES,Member
115,M,37.27036277,Janero Fredley,US,Member
116,M,57.33607118,Francois Fabre,FR,Normal
117,M,38.35728953,Carson Galloway,US,Member
118,F,54.21492129,Annelies Paasonen,BE,Member
119,M,14.28884326,Karl Krafft,SE,Normal
120,F,40.23545517,Joann Ayscue,US,Normal
121,M,54.29431896,Carlo Luppi,IT,Normal
122,F,15.23066393,Florence Ibach,FR,Member
123,M,30.37371663,Ernie Hotten,GB,Member
124,M,20.39151266,Stuart Agnor,US,Member
125,F,39.36755647,Stefania Secolo,IT,Member
126,F,57.35797399,Meilisa Borgwardt,US,Normal
127,F,43.25256674,Vivien Vager,GB,Normal
128,M,15.21971253,Ishbel Reeves,GB,Normal
129,F,24.21355236,Caroline Wedde,US,Member
130,M,31.2936345,Rudolf Wallasch,DE,Normal
131,M,58.23682409,Anzierg Priasca,IT,Normal
132,F,39.35934292,Janick Durier,FR,Member
133,F,33.29774127,Valerie Neyrolles,FR,Normal
134,F,18.32717317,I.H. Uytendaele,NL,Member
135,F,27.37303217,Kertia Thomas,US,Normal
136,M,38.31622177,Orhan Canko,TR,Normal
137,M,16.24640657,William Cejka,US,Normal
138,F,55.3045859,Reinhild Von Bohlen,DE,Member
139,F,21.32238193,Elisabeth Andersson,SE,Normal
140,M,13.40451745,Corky Yeary,US,Normal
141,M,21.25667351,Jonathan Edger,US,Member
142,M,15.26625599,Albert Chuaprasert,US,Member
143,F,47.27446954,Colisha Hocutt,US,Member
144,M,53.31690623,Thomas Eberly,US,Member
145,M,37.24024641,Thomas Joksch,AT,Normal
146,M,63.34839151,J P Tsamourtzis,GR,Normal
147,F,58.28062971,Ulrike Schönbach,DE,Member
148,F,18.40930869,Rebecca Mcdowell,GB,Normal
149,F,17.3744011,Jamel Poon,US,Member
150,F,61.4017796,Mary-Claire Beckwit,US,Normal
151,M,50.39835729,Alex Hammersly,GB,Member
152,M,33.37713895,Olli-Matti Laitinen,FI,Member
153,F,26.2696783,Paula Fluck,US,Normal
154,M,52.27652293,Jacques Laupy,FR,Normal
155,M,27.26625599,Michael Goldthwaite,US,Normal
156,M,49.31416838,Joseph Charbonnez,FR,Member
157,M,37.19370294,Marc Echard,FR,Member
158,M,62.34633812,Daniele de Benedetti,IT,Normal
159,M,47.41957563,Mukundray Zarkos,US,Member
160,M,23.42778919,Feddo Konzman,US,Normal
161,M,47.22792608,Crae Hosley,US,Normal
162,M,60.32032854,Kevin Odell,US,Normal
163,F,44.37508556,Georgette Goulsbra,GB,Normal
164,M,30.2696783,Wiley Kuntz,US,Normal
165,F,34.32443532,Alina Weber,CH,Normal
166,M,33.33880903,William Matthews,US,Member
167,M,24.23545517,Anthony El-Abbasy,US,Normal
168,F,70.26694045,Chiara Ji,US,Normal
169,M,46.22861054,Sandi Barièiè,SI,Normal
170,M,56.25735797,Stoney Samuel,US,Member
171,M,58.17659138,Robert Bowerman,AU,Normal
172,F,14.2696783,Yolanda Echanove,ES,Member
173,F,49.34428474,Virginia Phillippe,US,Normal
174,M,42.23134839,Lorenzo Cusher,US,Member
175,F,19.24435318,Benilde Cover,US,Normal
176,M,18.41478439,Giuseppe Massimi,IT,Member
177,F,35.35386721,Rosalba Mengoli,IT,Member
178,M,17.31690623,Cash Peoples,US,Normal
179,F,45.4017796,Wiltraut Hessner,DE,Normal
180,M,36.26009582,Ángel Bethencourt Gallagher,ES,Member
181,M,46.28610541,Pekka Ollikainen,FI,Normal
182,M,14.26146475,Dierdre Andrews,GB,Member
183,M,32.41067762,Duncan Robertshawe,AU,Member
184,M,65.23203285,Lee Turnbo,US,Normal
185,M,41.35249829,Gerald Gasparini,FR,Normal
186,F,32.3613963,Fioina Zalewski,US,Member
187,F,68.33127995,Penny Pajor,US,Member
188,M,62.27241615,Christopher Metzger,US,Member
189,F,44.29021218,Debbie Dowding,US,Normal
190,M,68.23819302,Bruno Catoire,FR,Normal
191,F,28.30390144,Sheril Levin,US,Normal
192,F,42.22039699,Armenthia Orson,US,Normal
193,F,32.39151266,Valerie Genzardi,IT,Normal
194,F,13.27036277,Sukai Endredy,US,Normal
195,M,45.3908282,Cosi Rimmington,AU,Normal
196,M,65.19917864,Paul Knox,GB,Member
197,M,70.39288159,Rayn Svitanek,US,Member
198,F,69.3853525,Claire Carus,GB,Normal
199,M,34.37919233,Cherod Edwards-Roush,US,Normal
200,F,56.30116359,Camilla Aidell,SE,Member
201,M,30.26694045,Nogarji Mcadam,US,Member
202,M,56.37234771,Dimitar Pavlovska,MK,Member
203,M,48.21355236,Eric Bendali,FR,Normal
204,F,58.2696783,Frances Kern,US,Member
205,F,47.30184805,María José Hernández,ES,Member
206,F,35.19233402,Jo Beth Van Grinsven,US,Normal
207,M,58.17932923,Giuseppe Schärer,CH,Member
208,M,68.37234771,Kevin Bellezza,US,Member
209,M,35.42231348,Folco Perot,IT,Normal
210,M,22.36002738,Takeru Alley,US,Normal
211,F,64.23271732,Isabelle Le Texier,FR,Normal
212,M,56.21355236,Joan García Fuentes,ES,Normal
213,M,38.39835729,Steve Arnold,GB,Normal
214,F,43.18959617,M.C. de Koning,NL,Normal
215,M,40.37234771,Ramesh Trentholme,AU,Member
216,M,60.38877481,Wolfgang H. Ballweg,DE,Normal
217,M,41.4072553,Nigel Miller,GB,Normal
218,M,25.33333333,David Engels,US,Member
219,F,59.28542094,Tenaya Williams,US,Normal
220,F,16.38603696,Lakeya Newbold,US,Normal
221,M,58.2532512,Bernhard Klass,DE,Normal
222,F,25.36892539,Celine Lacroux,FR,Normal
223,M,45.30869268,Javier Zamora,ES,Normal
224,F,16.3394935,Anne Pringle,GB,Member
225,M,30.40383299,Ricardo Quintas Santos Castro,PT,Normal
226,M,41.21013005,Travis Gaetti,US,Member
227,F,69.23203285,Dunia Caldera,IT,Member
228,M,65.24845996,Dieter Weilnhammer,DE,Member
229,F,64.32032854,Elke Von Der Eltz,DE,Member
230,M,43.37029432,Yves Pierre Mencia-Huerta,FR,Normal
231,M,69.23203285,Anthony Williamson,US,Normal
232,F,17.3908282,Isalde Garcia,US,Member
233,F,55.28542094,Faye Morrisson,AU,Normal
234,F,56.31211499,Dallas Barwick,AU,Member
235,F,27.37577002,Senora Vaupel,US,Member
236,F,41.2347707,Rita Barchaw,US,Normal
237,M,13.27583847,Ziba Hazinski,US,Normal
238,F,24.36687201,Gabriele Krug,DE,Member
239,M,43.34565366,Mark Pickersgill,GB,Member
240,M,68.19164956,Helmut Matzenauer,AT,Normal
241,M,24.22176591,Stephen Walker,GB,Normal
242,F,38.37371663,Angelo Leoni,IT,Normal
243,F,35.34565366,Honey Vallery-Bevan,US,Member
244,M,62.17932923,J P Van Waveren,GR,Member
245,M,25.28131417,Christopher Langley,US,Normal
246,F,37.18548939,Caty Paino,AU,Member
247,M,19.3045859,Philippe Chabanon,FR,Member
248,M,59.23066393,Wilfried Klingenburg,DE,Member
249,M,47.19507187,Hans Andersson,SE,Member
250,M,49.2128679,Daniel Lukosius,US,Normal
251,M,69.25119781,Laurent Ollivon,FR,Member
252,M,16.40520192,A.E. Tolboom,NL,Member
253,M,58.33538672,Claus-Peter Noppen,DE,Normal
254,F,68.36687201,Enja Hirsch,DE,Normal
255,F,50.19028063,Gianluigi de Rubeis,IT,Member
256,F,14.27789185,Mary Soutesz,US,Member
257,F,64.24914442,Patricia Grahek,US,Member
258,F,49.27310062,Ella Nevamaa,FI,Member
259,M,21.31416838,Otfried Lühker,DE,Member
260,F,69.26488706,Kenneth Orderløkken,NO,Member
261,F,56.38329911,Debora Andrews,GB,Normal
262,F,48.3559206,Teodora Marcattilj,IT,Normal
263,F,35.38124572,Janet Dice,US,Member
264,M,50.28336756,Sepp Weisenberger,DE,Member
265,M,51.32922656,Ravi Apcar,GB,Normal
266,F,35.37850787,Alexandra Demesure,BE,Member
267,M,19.39493498,Michael Lovenstein,US,Normal
268,F,53.19370294,Covadonga Moret,ES,Member
269,M,13.2128679,Reece Wright,GB,Member
270,M,51.18412047,Marcus Lemmon,GB,Member
271,M,60.3449692,Bernard Riche,FR,Normal
272,F,42.18754278,Lindsi Vali,US,Member
273,F,32.20533881,Lynnetta Rideout,US,Member
274,F,18.2696783,Alina Müller-Thümen,DE,Normal
275,F,56.32580424,Nancy Garland,ES,Normal
276,M,30.20670773,Elio Nicola Lanternier,IT,Normal
277,M,62.18480493,Wayne Oliverosamador,US,Member
278,M,18.28610541,Kenneth Stoltmann,US,Normal
279,M,38.39835729,Richard Sachs,AT,Member
280,M,53.38809035,Hitendra Worsham,US,Member
281,M,33.31143053,Wolfgang Finster,AT,Normal
282,M,38.36002738,Tariq Shikh,US,Normal
283,F,33.2019165,Ella Nykyri,FI,Normal
284,M,42.35181383,Frederic Gerday,FR,Member
285,F,14.39288159,Dana Piegore,US,Member
286,F,34.32443532,Judy Zagas,AU,Normal
287,M,25.41820671,Thomas Cazaglis,US,Member
288,M,68.24640657,David Coughlan,AU,Normal
289,M,21.26214921,Mike Hyland,GB,Normal
290,M,67.25530459,Joseph Grubbs,US,Member
291,M,29.25393566,W.J. Hoogendijck,NL,Member
292,F,39.38124572,Alina Bertok,SI,Normal
293,F,69.29500342,Mar Alfaro,ES,Member
294,M,46.23408624,Claude Diggelmann,CH,Member
295,M,68.35865845,Alexander Bidet,FR,Normal
296,F,69.33059548,Latausha Schukman,US,Member
297,M,39.42231348,Todd Smith,US,Normal
298,M,64.19164956,Craig Dahlen,US,Member
299,M,51.24161533,Joseph Wilkerson,US,Member
300,F,50.22587269,Brigitt Widgeon,US,Member
301,F,20.19986311,Anneleen Vanlangenaeker,BE,Normal
302,M,39.37577002,Nicolas Excoffon,FR,Member
303,F,53.32511978,Magali Legouis,FR,Normal
304,F,36.39425051,Cherokee Camaya,US,Normal
305,F,54.31895962,Kathy Treinis,US,Normal
306,M,55.40314853,Raúl Carrasco Valadés,ES,Member
307,F,54.41478439,Kamesia Madrin,US,Normal
308,F,54.30253251,Montserrat Álvarez de la Mata,ES,Member
309,M,65.38261465,Edward Kietzmann,US,Member
310,M,49.34976044,Bobby Paesler,US,Normal
311,M,35.26899384,Gregor Ubben,DE,Member
312,F,67.26078029,Zylda Saigeon,US,Member
313,M,24.27926078,Ulf-Gerhard Mehltreter,DE,Member
314,M,36.36413415,Dain Lewis,US,Member
315,M,46.28884326,Darick Jelovich,US,Member
316,M,70.28336756,Lawrence Nederveen,US,Member
317,M,61.27583847,Lindsay Wansink,AU,Member
318,M,23.21971253,Mebane Argila,US,Member
319,F,25.38261465,Monika Rüter,DE,Member
320,M,26.32443532,Jesus Koopman,US,Member
321,F,43.33470226,Dulcie Rappazzo,US,Normal
322,F,23.24161533,Yaoping Johnson,US,Normal
323,M,60.29295003,Garnett Sartain,US,Normal
324,M,24.37508556,Edward Saathoff,US,Normal
325,M,67.20876112,Geoffrey Homsher,US,Normal
326,M,50.36824093,Sheron Lohela,US,Normal
327,M,19.38124572,Dayton Rienzi,US,Member
328,F,59.36208077,Nellie Grenier,FR,Member
329,M,14.26694045,Andre Grosos,FR,Member
330,M,62.39561944,Philippe Cambien,FR,Member
331,M,49.27857632,Albert Hartel,DE,Normal
332,M,44.30937714,Loredana Noci,IT,Normal
333,F,69.25393566,Marylis Guerin,FR,Normal
334,F,70.36002738,Anja Witteck,DE,Member
335,F,53.39904175,Valeria Lanz,CH,Member
336,F,63.38398357,Barbara Ebneter,CH,Member
337,M,67.37577002,Javier Fernández-Gasset,ES,Normal
338,F,19.34565366,Martha Ganschow,DE,Normal
339,M,41.41820671,Sanir Kopelke,AU,Normal
340,F,43.27720739,Simona Knack,DE,Member
341,F,16.30937714,I.P.A. Peter,NL,Member
342,M,46.35181383,Gabriel González López,ES,Member
343,M,61.29226557,Eric Merritt,US,Member
344,M,50.25598905,Luis Cantero Blanco,ES,Normal
345,M,18.31895962,Bernhard Ettenhofer,DE,Normal
346,F,67.321013,Veronique Debruyne,FR,Normal
347,F,36.27926078,Francesca Soler,IT,Member
348,M,56.22450376,Allen Diprima,US,Member
349,F,36.42162902,Susan Tallett,US,Normal
350,F,69.31964408,Rosita Polentini,IT,Normal
351,F,36.30937714,Federico Gayo,ES,Member
352,M,57.24024641,Uwe Krause,DE,Normal
353,M,54.37097878,Richard Parikh,AU,Member
354,M,44.3449692,Jari Nevalainen,FI,Member
355,F,31.35934292,Anna-Maija Pilpola,FI,Normal
356,M,69.18001369,Gerard Henocq,FR,Member
357,F,26.37371663,Constanze Miller,DE,Normal
358,M,18.22039699,Bodo Eschwé-Steinpichler,DE,Normal
359,M,70.32443532,Antonio del Val Melús,ES,Normal
360,M,64.36960986,Yves Guilloux,FR,Normal
361,M,28.32032854,Bromley Septer,US,Member
362,F,27.34839151,Regine Frankenheim,DE,Normal
363,M,41.36071184,Patrick Page,FR,Normal
364,F,15.25530459,Patricia Larino,US,Normal
365,F,63.30184805,Ella Nourie,US,Normal
366,F,59.18412047,Liora Hafner,CH,Normal
367,F,45.37713895,Nicole Jacob,FR,Normal
368,M,28.41615332,P.P. Traas,NL,Member
369,M,44.25188227,Gregory Butwell,US,Normal
370,M,64.34223135,Meral Sezgin,TR,Member
371,M,15.2881588,David Hockin,GB,Member
372,M,18.2642026,Raymond Conner,US,Normal
373,M,42.37919233,Yamilkar Brinkley,US,Normal
374,F,21.27310062,Irene Bolsenkötter,DE,Normal
375,F,39.18959617,Maria-Jose Scharpf,DE,Normal
376,M,16.23545517,Giuseppe Roberto Callery,IT,Member
377,M,38.19575633,C.J. Heijne,NL,Member
378,M,57.31416838,Thomas Köppen,DE,Normal
379,F,43.27994524,Julie Page,GB,Member
380,M,35.26625599,Tommy Leatherman,US,Normal
381,M,36.21355236,Scott Josse,FR,Member
382,M,59.38124572,Behzad Akrout,SA,Normal
383,M,28.22724162,Cyril Parize,FR,Normal
384,M,69.32511978,Geri Morgan,US,Member
385,M,14.21492129,Paux Steck,US,Normal
386,F,66.2477755,Carmen Bernal,ES,Member
387,M,64.3559206,Stephano Özdemir,CH,Normal
388,F,14.33812457,Evelina Novgrod,US,Normal
389,M,29.26214921,Donald Brown,US,Member
390,F,26.37919233,Kortne Dawson,US,Normal
391,M,59.2936345,Jesús García Merino,ES,Member
392,M,63.23613963,Harald Datene,DE,Normal
393,F,50.29431896,Georgina Shafiei,US,Member
394,F,54.35728953,Livia Reynolds,US,Member
395,F,26.36824093,Tamara Mcevoy,GB,Normal
396,M,31.25256674,Carlo Albertotti,IT,Normal
397,M,35.38124572,Xavier Mateo Oyagüe,ES,Normal
398,F,35.38672142,Maria Concetta Rosa',IT,Normal
399,M,30.36276523,Luigi Locato,IT,Member
400,M,63.33744011,Okezie Vanfossen,US,Member
401,M,59.39767283,Bruno Chauprade,FR,Normal
402,M,35.37850787,Gabriel Bouvet,FR,Normal
403,M,29.28405202,Wilhelm Claaßen,DE,Member
404,M,38.32717317,Godehard Eimannsberger,DE,Normal
405,F,60.29568789,Elena Fanti,IT,Member
406,M,51.22518823,Derek Stillabower,GB,Member
407,F,14.22861054,Cheryl Mcarthur,US,Normal
408,M,52.183436,Daniel Chaptal,FR,Member
409,M,26.36276523,Josep María Gimeno,ES,Normal
410,F,18.27241615,María Luz Power Meier-Mehrckens,ES,Normal
411,F,47.18138261,Diane Chevret,FR,Normal
412,F,69.229295,Michele Robain,FR,Normal
413,M,18.20670773,Richard Mckernan,US,Member
414,M,44.36687201,John Levay,US,Normal
415,M,48.39698836,Jimmy Vergolias,US,Normal
416,F,27.25804244,Jonneeka Opaluch,US,Normal
417,M,21.21560575,Ronald Parnell,AU,Normal
418,M,47.23613963,Nick Ditchburn,GB,Member
419,F,42.21218344,Mary Lee,US,Normal
420,F,59.26351814,Alexandra Preikschas,DE,Member
421,F,17.43463381,Lady Berendser,US,Member
422,M,40.24366872,Pin Mostafa,AU,Normal
423,M,38.28884326,Gerry Lupien,US,Member
424,F,55.38398357,Helga Boxall,GB,Member
425,F,43.36481862,Josianne Rozeron,FR,Normal
426,M,59.17316906,John Mccoon,US,Member
427,F,68.21902806,Silvia Verbena,IT,Member
428,M,54.38740589,Michael Lehning,US,Member
429,F,44.33675565,Claire Blanchard,FR,Normal
430,F,70.34360027,Sladjana Wrobel,DE,Member
431,M,15.28268309,Nels Vomerti,FR,Normal
432,M,30.37097878,Mauro de Marchi,CH,Normal
433,F,36.21902806,Charldine Robas,US,Normal
434,M,16.38329911,Valentín Álvarez Sanz,ES,Normal
435,M,41.32511978,David Kazunas,US,Normal
436,M,66.37645448,Robert Mathews,US,Normal
437,F,22.2477755,Helen Eddins,US,Member
438,M,15.38124572,Mark Yenner,US,Normal
439,F,62.34907598,Tenerian Baltuck,US,Member
440,F,36.28747433,J.A. Scholman,NL,Normal
441,F,41.22108145,Agnese Schwinn,CH,Member
442,F,29.40999316,Gunilla Alfbecker,SE,Member
443,F,24.23271732,Bärbel Derraught,DE,Member
444,M,37.20465435,Gregory Hinson,US,Normal
445,F,52.21355236,Natalie Berbach,US,Normal
446,M,31.26351814,Willy Clucts,BE,Member
447,M,19.31827515,Mervyn Inman,GB,Member
448,F,65.35249829,Nicki Moodie,GB,Normal
449,M,56.20260096,Terry Barnett,US,Member
450,M,65.3963039,Richard Almahairi,US,Member
451,M,70.16290212,Stephen Ralham,GB,Normal
452,F,32.19164956,Nicia Bonvicino,IT,Normal
453,F,48.38056126,J.A. Daems,NL,Normal
454,F,21.36344969,Marion Wieringa,AU,Normal
455,F,62.25051335,Rosalía Massana Esteve,ES,Member
456,F,58.28884326,Aurelia Balemans,AU,Member
457,F,65.28952772,Bilge Sezgin,TR,Member
458,F,64.26830938,Runnell Munir,US,Normal
459,F,28.26283368,Daniela Jorch,DE,Member
460,F,24.3394935,Mireille Couque,FR,Normal
461,F,70.2532512,Donna Zipf,US,Normal
462,F,62.33538672,Evi Imping,DE,Member
463,M,27.28268309,Laurent Fossa,FR,Normal
464,M,22.40109514,Claus Jürgen Guiard,DE,Member
465,F,20.43258042,I.C. Van Gent,NL,Member
466,M,61.33333333,John Helphinstine,US,Member
467,F,67.26899384,Jessica Seaberry,US,Member
468,M,40.40246407,Jürg Selmoni,CH,Normal
469,M,50.28336756,Thomas Wittie,US,Normal
470,M,60.29295003,Stephen Hagger,AU,Member
471,F,43.24161533,Jo Hannah Mutch,US,Member
472,F,39.24982888,Janelle Mcewan,AU,Member
473,M,68.25188227,Adalbert Lienau,DE,Member
474,M,63.40862423,P.J. Joosen,NL,Member
475,F,55.41409993,Celia Howard-Brown,GB,Member
476,F,42.33264887,Mary Helen Musial,US,Normal
477,M,66.37371663,Talmon Henderson,US,Normal
478,F,57.34976044,Taneeka Paterniti,US,Normal
479,F,60.37234771,Elizabeth Grahl-Nilsen,NO,Normal
480,F,15.27720739,Jennifer Hartwick,US,Normal
481,F,36.27378508,Audrey Apflauer,US,Normal
482,M,65.28952772,Shakil Deschaines,US,Normal
483,M,40.20260096,Nikolaus Drissler,DE,Normal
484,F,44.29568789,Bilge Kurtaran,TR,Member
485,M,55.17316906,Claes Andersson,SE,Member
486,F,68.38056126,Cristina Parra Fernández Pacheco,ES,Member
487,F,36.3449692,Fabricia Moutoy,BE,Normal
488,F,45.4017796,Billie Krauser,US,Normal
489,F,48.25735797,Joelle Talbott,US,Normal
490,M,24.28747433,Loddie Adamik,US,Member
491,M,44.37508556,David Korff,US,Normal
492,M,15.40041068,David Dulin,US,Member
493,M,26.36550308,Robert Proctor,US,Member
494,M,54.34633812,Keenan García Guerrero,ES,Member
495,F,31.34291581,Claudia Balocchi,DE,Normal
496,M,38.39835729,Birger Bergling,SE,Normal
497,F,31.18959617,Michael Woods,FI,Normal
498,F,21.26762491,Yolanda Gómez,ES,Normal
499,M,27.24709103,Andrew Leikert,US,Member
500,M,60.25735797,Iain Aggarwal,GB,Member
501,F,31.27994524,Tansy Donaldson,US,Member
502,M,15.21149897,Erwin Hägele,DE,Member
503,M,24.26557153,Celso Ferrarini,IT,Normal
504,F,69.3908282,Heike Müller-Wilke,DE,Normal
505,F,15.35112936,Izabela Wirtz,DE,Normal
506,M,24.26830938,Peter Tepel,DE,Member
507,F,37.20465435,Annuka de Juan,ES,Member
508,F,25.27036277,Ester Herrero Alcalde,ES,Normal
509,M,70.40109514,Mark Epplin,US,Member
510,M,34.29431896,Tsui Naoumis,AU,Member
511,F,70.20396988,Bergit Teuscher,US,Member
512,M,29.2019165,Rüdiger Peipers,DE,Normal
513,F,29.26214921,B.N.B. Spangenberg,NL,Normal
514,F,26.39014374,Erneka Allen,US,Normal
515,M,67.3100616,Cecil Yarosz,US,Member
516,F,64.37508556,Kathryn Derrow,US,Member
517,F,29.42915811,Karina Mette,DE,Member
518,F,29.24845996,Kelly Peterson,US,Member
519,M,46.34086242,Dnjepar Juzba¹iæ,HR,Normal
520,F,67.20876112,Susanna Solf,DE,Member
521,F,24.42436687,Jan-Reijer Roest,NL,Normal
522,F,55.38672142,Claranette Lynge,US,Member
523,F,49.27583847,Ursula Mekelburg,DE,Member
524,F,38.18480493,Vanessa Saladino,IT,Normal
525,F,41.25393566,Anette Nysæter,NO,Normal
526,F,61.31964408,Diuska Concolato,IT,Member
527,M,36.22724162,Adair Howell,US,Normal
528,M,55.20602327,Eric Stuczynski,US,Member
529,F,21.29774127,Kerre Dale,US,Member
530,M,60.29842574,Walter Cotten,US,Normal
531,F,58.28610541,Katelijne Deneef,BE,Normal
532,M,30.2532512,Jose Manuel Sanclement,ES,Member
533,M,17.29774127,Richard Tonack,DE,Normal
534,F,15.43052704,Naveen Gipson,US,Normal
535,F,60.35865845,Leif Bendroth,SE,Normal
536,M,28.29295003,Thierry Ruth,FR,Normal
537,F,40.19438741,Danica Smiljaniè,SI,Member
538,F,33.36618754,Jilma Loudy,US,Normal
539,M,28.34223135,George Chylinski,US,Normal
540,F,26.27789185,Christine Prätzel,DE,Member
541,F,15.25804244,Patricia Allusse,FR,Normal
542,F,31.19507187,Kirsten Knörzer,DE,Member
543,M,52.29295003,Knut Sverre Jørstad,NO,Member
544,M,45.25393566,Avni Argac,TR,Member
545,F,41.19370294,Thana Engel,AU,Normal
546,M,61.3798768,Peer-Håkon Grave,NO,Member
547,M,31.21971253,Thomas Habig,US,Normal
548,M,23.21149897,Gregory Rinehard,US,Normal
549,M,36.25462012,Claudio Agazzone,IT,Normal
550,F,24.25462012,Kwamia Rossler,US,Normal
551,M,55.27994524,Blu Peachey,US,Normal
552,M,44.32306639,Landirth Koures,US,Normal
553,F,54.2696783,Inmaculada Bocigas,ES,Normal
554,F,70.34086242,Louane Hunsinger,US,Normal
555,M,25.42094456,Branko Wytkin,AU,Member
556,M,52.22724162,Thomas Whitney,US,Normal
557,F,38.27789185,Karen Bettoni,IT,Member
558,M,33.26762491,Josef Schuster,AT,Member
559,F,33.19096509,Inga Tücking,DE,Member
560,M,40.42162902,Walter Didsbury,US,Member
561,M,31.38672142,Frankie Grueneich,US,Normal
562,M,33.30047912,William Reams,US,Normal
563,M,43.26078029,James Hunn,US,Normal
564,F,48.39151266,Sara Savina,ES,Member
565,F,17.41273101,Susana Cristina Calha,PT,Normal
566,F,37.229295,Jeanmarie Belculfine,US,Normal
567,F,42.27241615,Jennifer Smiljanich,US,Normal
568,M,60.16974675,Martin Dickermann,DE,Normal
569,M,43.20602327,Christopher Itoua,US,Normal
570,M,39.34839151,Juan José Martínez Sampedro,ES,Normal
571,M,43.33196441,Andru Battaglia,US,Member
572,F,20.27378508,Nathalie Abousahl,FR,Member
573,M,49.36344969,Godofredo Gilbert,US,Member
574,F,64.19986311,Christine Rühland,DE,Normal
575,M,16.41889117,Hermann Sanders,US,Normal
576,F,20.35865845,Mettie Tuszynski,US,Member
577,F,59.30732375,Dulce Twiddy,US,Normal
578,M,33.2238193,John Degrezia,US,Normal
579,M,69.39356605,Alan Pollins,GB,Normal
580,M,13.36344969,Francesco Pasquazzi,IT,Normal
581,M,49.19370294,J Jesus Burke,US,Normal
582,M,58.25598905,Mark Angell-Brewer,US,Member
583,M,67.28268309,Kengie Moore-Davis,US,Member
584,F,35.22245038,Anja Militzer,DE,Member
585,M,16.24914442,Raul Law,IT,Normal
586,F,27.37577002,Samina Deprospero,US,Normal
587,M,62.40109514,Alain Dubois,FR,Normal
588,M,34.28062971,Wen Leech,GB,Normal
589,M,67.36208077,Shade Westney,US,Normal
590,M,69.33333333,Onat Hasillioglu,TR,Normal
591,F,22.36276523,Liz Badcock,GB,Member
592,F,42.2532512,Nicole Mathe,FR,Member
593,M,38.28610541,Guido Fräßdorf,DE,Member
594,F,25.28952772,Don Lloyd,GB,Member
595,M,46.37919233,Brian Dilen,US,Member
596,F,65.32785763,Pippa Stone,GB,Normal
597,F,63.29089665,Rachael Whitford,GB,Normal
598,M,40.31211499,Andreas Ehlen,DE,Normal
599,M,64.23545517,Luigi Cerrioli,IT,Normal
600,M,67.38945927,Vincenzo Ienni,IT,Member
601,M,30.25051335,Ari Nippula,FI,Normal
602,M,33.25667351,Gollon la Pasha,US,Normal
603,F,66.36276523,Cinthia Brownewell,US,Normal
604,M,46.38466804,Carglar Yolgegenli,TR,Normal
605,M,28.21081451,William Abuilar,US,Member
606,F,52.27926078,Khaula Bain,US,Normal
607,F,65.27583847,M P Leung,NL,Member
608,F,36.42162902,Mintilik Sebok,US,Member
609,M,59.23066393,Gilberto Sciannamea,IT,Normal
610,M,69.2073922,Chishu Braim,GB,Member
611,M,28.29295003,Pedro Carreiro Ladeiras Laurentino,PT,Normal
612,F,33.37166324,Sia Baric,AU,Member
613,F,41.24572211,Gina Catching,US,Member
614,M,43.23066393,Jahmaul Mclendon,US,Member
615,M,45.27036277,Scott Place,FR,Member
616,M,22.40930869,Sherrill Staples,US,Member
617,F,62.20123203,Jane Patel,GB,Member
618,F,54.37097878,Alley Bermejo,GB,Member
619,M,61.229295,Ruben Coons-Wallace,US,Member
620,M,52.27652293,Hartmut Schedlbauer,DE,Member
621,M,14.4366872,Victor French,AU,Normal
622,M,59.38398357,Gary Mial-Dent,US,Member
623,M,17.24298426,Hans-Jacob Jann,DE,Member
624,M,57.2019165,Harald Laufenberg,DE,Normal
625,F,37.31143053,M.M.l. Klaver,NL,Member
626,F,62.23682409,Katja Lakeit,DE,Member
627,M,70.34633812,José Antonio Herreros,ES,Normal
628,F,16.39698836,Victoria Martinez,US,Member
629,F,59.23613963,Courtney-Bianca Mandeville,US,Member
630,M,55.24161533,Ivie Mitchem,US,Normal
631,F,26.24229979,Carmen Cienfuegos-Jovellanos,ES,Normal
632,M,65.33880903,Bliss O'Boyle,GB,Normal
633,M,53.2128679,Arndt Pulter,DE,Member
634,M,30.39835729,Graham Karagiaouroglou,CH,Normal
635,M,51.38945927,Julien Dufils,FR,Member
636,M,42.22039699,Thomas Bruce,US,Member
637,F,64.3340178,Margitta Werdier,DE,Normal
638,M,27.40314853,Neil Powell,GB,Normal
639,M,50.35728953,G.A.W. Smith,NL,Member
640,F,67.321013,Rosabel Benetti,IT,Normal
641,F,21.34154689,Shirley Simms,US,Member
642,F,37.3963039,Marianne Della Mea,IT,Member
643,M,70.39561944,William Baraldi,US,Member
644,F,56.41341547,Holly Feldman,US,Member
645,M,70.28884326,Waino Shearin,US,Member
646,M,33.2347707,Thomas Regee,US,Member
647,M,57.41273101,Peter Hefner,DE,Normal
648,M,61.38261465,Arno Buse,CH,Member
649,F,13.24298426,Eeva-Liisa Ivonen,FI,Member
650,F,62.31622177,Doris Jones,US,Normal
651,M,38.22313484,Jules Morton,US,Normal
652,F,70.22039699,Odile Leon,FR,Normal
653,F,65.25667351,Lavon Petteway,US,Member
654,M,53.34976044,Johannes Reinkemeier,DE,Member
655,M,69.28952772,Samuel Soicher,ZA,Member
657,M,64.32306639,P.J. Atwal,NL,Normal
658,F,39.23066393,Petra Töpp,DE,Member
659,F,69.24024641,Audrey Hilbourne,GB,Member
660,F,35.34017796,Ethel Hamlin,US,Member
661,M,65.25667351,Maxim Lefevere,BE,Normal
662,F,67.20602327,Silvia Nicolini,IT,Member
663,M,59.39493498,David Younes,US,Member
664,M,26.30800821,Simplicio Parvis,IT,Member
665,F,25.33333333,Regine Caffin,FR,Normal
666,F,31.28268309,Ann Lewis,US,Normal
667,M,58.30800821,Klaus Schüttler,DE,Member
668,M,45.32511978,Eduard Ibáñez,ES,Normal
669,F,65.29226557,Vidalia Burress,US,Member
670,F,50.22039699,Vanessa Greenough,GB,Normal
671,F,41.2183436,Mary Massey,US,Member
672,F,19.43874059,Marie-Lise Sevestre,FR,Member
673,F,55.33744011,Erma Nicholeson,US,Normal
674,M,54.29705681,Luca Parravicini,IT,Normal
675,M,66.32717317,Michel Chauvin,FR,Normal
676,F,47.32648871,Susanne Cullinan,AU,Member
677,F,52.30937714,Petra Eichstätt,DE,Member
678,M,16.3449692,Tone Hozjan,SI,Member
679,F,65.26762491,Cristiana Thibaud,FR,Normal
680,M,67.19233402,Lynton Kirwan,GB,Member
681,F,33.30321697,Thomasine Arnold,US,Member
682,F,51.21149897,Yen-Chan Schelbe,US,Normal
683,M,30.21218344,Kegan Parmar,GB,Normal
684,F,39.34017796,Pauline Le Berre,FR,Member
685,F,13.26488706,Sabine Kallohn,DE,Member
686,F,70.18206708,Martina Schirmburg,DE,Member
687,F,68.183436,Marie Agnes Page,FR,Member
688,M,43.22245038,Nacer Lassalle,FR,Member
689,M,62.36276523,Lee Neppel,US,Member
690,M,23.31827515,José Luis Montserrat,ES,Normal
691,M,56.23819302,Werner Klausmann,DE,Member
692,M,47.37029432,Sukhpal Kan,GB,Member
693,F,53.34428474,Janet Beard,US,Member
694,M,48.28747433,Eugenio Lopez,IT,Member
695,F,32.22997947,Claudi Groß,DE,Normal
696,M,50.2532512,Hiroki Esterling,GB,Member
697,F,41.18275154,J.J. Lokhorst,NL,Member
698,M,48.19164956,Hans Wesner,DE,Normal
699,M,21.33059548,Norberto Cramblit,US,Member
700,M,39.21423682,Efisio Garbarini,IT,Normal
701,M,35.2881588,Daniel Rover,US,Normal
702,F,14.43394935,Brunetta Lowenthal,IT,Normal
703,M,34.34360027,Michael Stork,US,Member
704,M,36.19986311,Bela Gabor,HU,Member
705,M,68.32854209,Lambert Midha,AU,Member
706,M,54.41204654,Roger Van Belleghem,BE,Normal
707,F,18.28062971,J.M.V. Hollebrandse,NL,Normal
708,M,69.2183436,Ralph Maynard,US,Member
709,F,13.25393566,Kimberly Wright,US,Normal
710,M,66.20944559,Anso de Baeremaeker,BE,Normal
711,F,55.33196441,Margaret Aggett,GB,Member
712,F,65.37713895,Cathrine Knicley,US,Member
713,M,26.32717317,Mike Mccallan,GB,Normal
714,F,40.27652293,Maria Harder,CH,Normal
715,F,21.27857632,Bruna Ginelli,IT,Member
716,F,26.29158111,Sne¾ana Videènik,SI,Normal
717,M,53.40999316,Thomas Bush,US,Member
718,F,54.22313484,Gayla Krasner,US,Member
719,M,48.30663929,Fernando Moret,ES,Normal
720,F,43.22792608,Brigitte Choisy,FR,Member
721,M,68.25188227,Massimo Balbo,CH,Normal
722,M,61.21560575,Carl-Axel Ahlström,SE,Member
723,F,25.4017796,Eva Isabel Echeandía Barrera,ES,Normal
724,F,23.22245038,Hilda Nierop,DE,Member
725,M,40.27652293,Andreas Gilb,DE,Member
726,M,17.29774127,Da Fogelin,US,Member
727,F,36.20533881,Rita Behnisch,DE,Member
728,M,36.35865845,Wilson Sheffield,US,Normal
729,F,22.39835729,Agata Leal,ES,Normal
730,F,29.3744011,Daniela Schiavone,IT,Member
731,M,34.34907598,Garth Vegter,US,Member
732,M,60.32854209,Juan Till,US,Normal
733,F,16.30390144,Karin Errens,DE,Member
735,F,58.33264887,Hwa Rohrbacher,US,Member
736,M,16.38603696,Thomas Jaharias,US,Member
737,F,14.42299795,Veronique Tardy,FR,Member
738,M,61.24572211,Jerry Krejci,US,Normal
739,M,28.22176591,John Morrell,GB,Member
740,M,39.39767283,Michel Dublin,LU,Normal
741,M,66.38740589,Pierre Pröll,DE,Normal
742,M,62.20396988,J.H.P. Te Velde,NL,Normal
743,M,69.27857632,Ángel Vidal Peroy,ES,Member
744,F,21.33333333,Daniela Pane,IT,Member
745,M,26.19575633,José Antonio Solans Areizaga,ES,Member
746,F,47.26625599,Trisha Joseph,US,Member
747,M,25.2128679,Marcus Verrall,GB,Member
748,F,57.25119781,Birgit Uhlmann,AT,Member
749,M,58.40109514,Damron Hebert-Marcus,US,Member
750,M,62.20670773,Jermall Borgese,US,Member
751,M,48.37508556,Jordi Robles,ES,Member
752,F,70.2532512,Elke Schmelcher,DE,Normal
753,F,19.34017796,Paola Beretta,IT,Member
754,M,30.2532512,Simon Oven,SI,Normal
755,M,52.24093087,Darryl Katzenstein,US,Member
756,M,60.35318275,Gregory Scoggins,US,Normal
757,M,14.32991102,Rolf Sauro,DE,Member
758,F,50.20396988,Melanie Chalk,GB,Normal
759,F,46.33538672,Anna Rømer Jans,DK,Member
760,M,36.41341547,Cader Hostetler,US,Normal
761,M,21.30869268,Juri Jerkewitz,US,Member
762,M,33.27036277,Fredrick Bennett,US,Normal
763,M,48.22997947,Philippe Román,ES,Member
764,F,39.41409993,María Cruz-Estadao Martín,ES,Member
765,F,42.23408624,Trystyn Artus,US,Member
766,F,35.35934292,Quata Vrabel-Linsdell,US,Normal
767,M,48.1889117,Mathieu Gauchi,FR,Normal
768,M,24.31211499,Josef Ranzini,IT,Normal
769,M,27.39493498,Thomas Moore,US,Normal
770,F,41.22108145,Katja Grudzinski,DE,Normal
771,M,13.35523614,Marcus Lowry,US,Member
772,F,47.33470226,Albina Meyer,US,Member
773,F,69.29226557,Debra Drefke,US,Member
774,F,19.29637235,Maria Simonetta Fogliazza,IT,Normal
775,M,46.22313484,Kwok Kyles,GB,Member
776,F,68.22176591,Maxine Pruitt,US,Normal
777,M,69.33607118,Franklyn Deverger,US,Member
778,F,48.183436,Irmtraud Jonen,DE,Normal
779,F,31.40314853,Bilge Dereli,TR,Member
780,F,31.27173169,Carmen Fiorella d'Agata,IT,Member
781,F,18.33264887,Pearlie Budny,US,Normal
782,M,29.30321697,Dean Jerald,US,Normal
783,F,26.28884326,Maria-Dolores Wäckerle,DE,Member
784,M,48.3449692,Arnaud Gaye,FR,Normal
785,F,60.31759069,Nelnita Campione,US,Member
786,F,47.27173169,I.H. Reid,NL,Normal
787,M,66.29979466,Daniel Llinas,US,Normal
788,F,65.22655715,Beulah Spears,US,Normal
789,F,53.21013005,Margit Asskali,DE,Member
790,F,70.20670773,Cecilia Barbosa,PT,Normal
791,F,28.35865845,Shawnya Mccoy-Bouzigard,US,Normal
792,M,23.31827515,Maresh Waldo,US,Member
793,M,43.21971253,David Hulton Goka,GB,Normal
794,M,54.32991102,Justo Delgado Patricio,ES,Member
795,M,43.33470226,Phillip Murrin,GB,Normal
796,F,18.39835729,Meg Grewcock,AU,Normal
797,M,24.25735797,Fernando Somerville,NZ,Member
798,M,57.31416838,Johnmichael Forrister,US,Member
799,M,34.38740589,Roberto Stivala,IT,Normal
800,F,33.30047912,Susana Palacios Sánchez,ES,Member
801,M,24.22450376,Michele Pointet,IT,Normal
802,F,39.35112936,Erin Tzouvelekas,US,Member
803,M,43.40314853,Asif Williams,US,Member
804,F,44.3504449,Gianna Burani,IT,Member
805,F,48.32306639,Rosangela de Mase,IT,Member
806,M,21.4017796,Philip Simpson,GB,Normal
807,M,17.24024641,Jacquelle Damico,US,Normal
808,M,27.21149897,Lonnie Maury,US,Normal
809,F,28.22724162,Nicoletta Passacantilli,IT,Normal
810,M,29.27310062,Marc Garbuglia,IT,Normal
811,F,45.3798768,Montserrat Tornell,ES,Normal
812,M,43.32922656,Ronald Fernandez,US,Normal
813,F,21.30047912,Claudia Paravincini Bagliani,CH,Member
814,M,27.41136208,Andrea Petrone,IT,Normal
815,M,64.22997947,Miguel Vieira,PT,Member
816,M,30.38740589,Kerr Moorer,US,Normal
817,F,58.23134839,Diane Knesovich,US,Normal
818,M,39.23340178,Thomas Lachance,US,Normal
819,F,47.24982888,Lorraine Howard,US,Member
820,M,21.28678987,Sverre Becker,SE,Member
821,F,27.41957563,Vannie Taylor,US,Normal
822,F,51.32375086,Christiane Tiengou,FR,Member
823,F,23.29637235,Andreas Musza,HU,Member
824,M,52.3449692,Ronald Knebel,DE,Normal
825,F,21.31690623,Naima Enger,NO,Member
826,M,64.24366872,Christopher Nakutis,US,Member
827,F,16.27378508,Alessandra Trentin,IT,Member
828,M,51.40588638,Richard Oldenburg,US,Member
829,F,29.41546886,Y.C.J. Sangidash,NL,Normal
830,M,67.16495551,Bernd Kogler,DE,Member
831,F,60.23271732,Jeanne Francois,FR,Normal
832,F,60.32032854,Anne-Kristine Biret,FR,Normal
833,M,61.19096509,Rodley Youmans,US,Member
834,M,43.30184805,Axel Winje,DE,Member
835,F,28.38329911,Andre Thomet,FR,Member
836,M,64.39698836,Sherrell Truchon,US,Normal
837,M,41.20465435,Lennart Andersson,SE,Member
838,F,41.18548939,Rebecca Edgers,US,Normal
839,M,41.22108145,F.R.E. Von Bannisseht,NL,Normal
840,M,66.16563997,Dameyale Mcavinchey,US,Member
841,M,59.2936345,Harry Ticer,US,Normal
842,F,65.32511978,Nathalie Pensotti,CH,Normal
843,M,14.36550308,Christopher Aicher,US,Member
844,M,45.29774127,Philipp Krtschil,DE,Member
845,M,20.26557153,Roland Collins,GB,Normal
846,F,61.24845996,Bertha Scordo,US,Member
847,M,39.25530459,John Odinski,US,Member
848,M,26.27241615,Leonard Bengier,GB,Normal
849,F,43.20054757,Jan Lordin,SE,Member
850,F,37.2347707,Barbara Lanzarotti,CH,Normal
851,M,25.25941136,Olivier Le Neve - Ricordel,FR,Normal
852,F,51.3100616,Kavita Beard,AU,Normal
853,F,48.21355236,Ma. Paz Yáñez Fité,ES,Normal
854,M,70.31348392,Roy Eckholm,US,Normal
855,F,51.23613963,Diane Lancaster,US,Member
856,F,54.29979466,Heike Bilges,DE,Normal
857,M,19.19780972,Kola Glauber,US,Normal
858,F,41.36071184,Gerda Schulz,DE,Member
859,M,17.32238193,Charles Pozzi,IT,Normal
860,F,38.24503765,Ithres Kerkloh,DE,Member
861,M,55.3100616,Regolo Plebani,IT,Member
862,M,42.20123203,Domingo Herrero,ES,Member
863,F,35.39219713,Manuela Gianolio,IT,Normal
864,M,19.22792608,Kerran Dupaul,US,Normal
865,M,48.19712526,Hans-Willi Kastrup,DE,Member
866,M,41.25119781,Nourredine Gallois,FR,Member
867,M,69.36344969,Johan Bergman,SE,Member
868,F,29.2347707,Caro-Anne Deane,AU,Member
869,F,42.20123203,Nassira Dieudonne,FR,Member
870,F,70.17659138,Charlaine Winfrey-Kovell,US,Normal
871,M,37.31143053,Trevor Fischel,GB,Member
872,F,14.39561944,Dipti Widmer,US,Normal
873,M,68.23819302,Andrew Bhai,AU,Member
874,M,43.22792608,Gordon Alm,US,Member
875,M,58.38193018,J.C.P.M. Tak,NL,Member
876,M,22.39561944,Larry Henderson,US,Normal
877,F,70.27789185,Renata Gellner,US,Member
878,F,53.32511978,Johna Dorfield,US,Member
879,M,60.38603696,Neil Verlander,GB,Normal
880,F,64.21629021,J.C. Oudshoorn,NL,Member
881,F,65.18548939,Preeti Lieshout,AU,Member
882,M,38.4257358,Luigi d'Orso,IT,Member
883,M,67.30184805,Paul Fatin,GB,Member
884,F,56.41341547,Silvia Bergenheim,AT,Member
885,M,23.40588638,Clemens Lohs,DE,Member
886,F,48.21081451,Jamesanna Desloge,US,Normal
887,F,57.26762491,Rita Schmidt,DE,Member
888,F,57.39356605,Renata Heath,GB,Member
889,M,55.36755647,Jorge Lopes,PT,Normal
890,F,16.40520192,Stefanie Hochstraß,DE,Member
891,M,55.31279945,Regis Verdier,FR,Normal
892,M,41.28405202,Thomas Cozart,US,Normal
893,M,51.34017796,Paul Yalch,US,Member
894,F,25.36892539,Madeleine Ahlberg,SE,Normal
895,F,27.29089665,Robin Harper,US,Member
896,M,23.26899384,Hartmut Hoyer,DE,Normal
897,M,53.22108145,Paulo Pinho,PT,Normal
898,M,37.28131417,José Miguel Vilalta Blanco,ES,Member
899,F,32.35318275,Carmen Miñaur Aranzabal,ES,Member
900,F,18.30527036,Raquel Martín Palacios,ES,Member
901,M,69.19917864,Laurent Vacchiano,IT,Member
902,F,34.29431896,Tawanda Dewey,US,Normal
903,M,39.41409993,Juha Hietanen,FI,Member
904,M,42.25598905,Patrick Hinderwell,AU,Normal
905,M,61.28952772,Agustín de la Fuente Díaz,ES,Normal
906,M,66.39014374,Walt Dulina,US,Member
907,M,15.30732375,Stephane Hamelin,FR,Normal
908,M,55.39767283,Avni Umran,TR,Normal
909,F,51.40862423,Niveen Taylor,US,Member
910,F,58.24229979,Anna Mancusi,IT,Normal
911,M,44.41341547,Rui Madureira Pinto,PT,Member
912,F,18.2477755,Erin Sun,US,Normal
913,F,55.27446954,Jennifer Giovinazzo,US,Normal
914,M,60.25188227,Lyles Walker,US,Member
915,M,66.31622177,Michael Botkin,US,Member
916,F,55.26078029,Nancy Nedostup,US,Normal
917,M,70.36002738,Edward Gerhard,US,Member
918,F,20.38603696,Giovanni Duca,IT,Normal
919,F,28.3340178,Henni Amashaufer,DE,Normal
920,F,42.34633812,Beatrice Hendle,US,Member
921,M,14.38740589,Timothy Jordan,US,Member
922,M,35.29089665,Anibal Belfoure,US,Normal
923,M,27.33470226,Emmanuel Ligouzat,FR,Member
924,F,21.22108145,Millie Alexander,US,Normal
925,F,56.36960986,Ghislaine Flori,FR,Member
926,F,41.2073922,Teresa Pulley,US,Normal
927,M,34.31074606,Bogdan Czapiewski,PL,Member
928,M,60.20260096,Bulent Urfalioglu,TR,Member
929,F,59.2936345,Ibón Criado,ES,Normal
930,M,53.33880903,Jon Elliott,US,Normal
931,M,67.38945927,Anastasiades Van Waveren,GR,Normal
932,F,68.25188227,Tammy Barbe,US,Member
933,M,28.34770705,Maury Henderson,US,Normal
934,F,63.21971253,Steven Stice,US,Normal
935,M,38.19028063,Jasvinder Merkle,US,Normal
936,F,64.22997947,Camilla Bergman,SE,Member
937,F,46.19028063,Sylvia Lequatre,FR,Normal
938,M,16.44079398,Boone Wolschlag,US,Normal
939,M,54.30253251,Lukas Müller,DE,Member
940,M,68.38056126,Walter Gruntzdorf,DE,Normal
941,M,69.32785763,Miguel Morato,ES,Normal
942,M,53.4072553,Haddon Hilliard,US,Member
943,F,19.24709103,Christine-Sara Maygar,US,Normal
944,M,47.31279945,Vincent Krafczyk,DE,Normal
945,M,58.40657084,Donald Bookout,US,Member
946,F,37.19644079,Nina Santoro,CH,Normal
947,F,46.40930869,Anna-Kaarina Peltola,FI,Member
948,M,16.29021218,Alain Molle,FR,Member
949,F,22.29431896,M.N. Mijnen,NL,Member
950,F,13.34976044,Melanie Nwafor,US,Normal
951,F,21.33607118,Rosellina Nizzetto,IT,Member
952,M,15.22245038,Giuseppe Castiglione,IT,Member
953,M,69.31416838,Adelio Zenere,IT,Member
954,M,22.22861054,John Eilers,US,Member
955,M,51.28268309,Alain Saoud,FR,Member
956,M,27.20602327,Carlos Rosell Aguirre,ES,Normal
957,F,59.19507187,Sia Cortner,US,Member
958,M,62.2696783,Gary Judd,US,Normal
959,F,25.21560575,Elsy Verrycken,BE,Normal
960,F,18.33264887,Huang Salman,US,Member
961,M,68.37234771,Marc Le Montagner,FR,Member
962,M,53.27036277,Selby Noble,US,Member
963,M,44.39151266,John Farwell,US,Normal
964,M,48.41889117,Oscar Rodríguez,ES,Member
965,F,28.26009582,Evi Lerf,DE,Normal
966,F,17.36344969,Nellie Schultz,FR,Normal
967,M,44.3504449,Anastasiades Samonas,GR,Normal
968,F,29.2238193,Gudrun Hilmer,DE,Member
969,M,35.41409993,Pablo Senguino,ES,Normal
970,M,21.3853525,Thomas Clune,US,Member
971,F,52.17522245,Melinda Koster,NL,Member
972,M,23.3045859,Roberto Yorulmaz,CH,Member
973,M,32.25735797,Antonis Shovelton,GB,Normal
974,M,15.31279945,Farhad Calvin,US,Normal
975,M,45.28131417,Mansour Holbrook,US,Normal
976,M,62.34360027,Santos Torralba,ES,Member
977,M,61.33880903,Giovanni Beller,IT,Normal
978,M,69.31690623,Christopher Casey,US,Member
979,F,26.37919233,Pearl Vandergrift,US,Normal
980,M,28.28473648,Wilvesta Gorlewski,US,Normal
981,F,34.23682409,Marie-Claude Simon,FR,Member
982,M,44.24093087,Elizabeth Bardell,GB,Normal
983,F,26.39014374,Elaine Stratford,GB,Member
984,F,48.23819302,Mervi Toivanen,FI,Normal
985,F,45.2019165,Jacoshia Shambo,US,Normal
986,M,27.2936345,Leon Fairbairn,US,Normal
987,M,60.30116359,Stefan Maasberg,DE,Normal
988,M,42.18754278,J P Miltiades,GR,Member
989,F,50.41478439,Myra Benane,US,Member
990,F,18.27241615,Tanu Meisser,BE,Member
991,F,45.39904175,Yoranda Mcneill,US,Normal
992,M,39.24709103,Honore Castagnos,FR,Normal
993,M,29.37713895,Knut Andersson,SE,Normal
994,M,14.34360027,Jean-Marc Weill,FR,Normal
995,F,18.32991102,Regina Lehenbauer,US,Member
996,F,67.24161533,Joan Foti,US,Normal
997,M,55.33744011,Tayfun Pifkowski,US,Normal
998,M,70.2696783,Reion Coggins,AU,Member
999,M,32.33127995,Lard Donalson,US,Normal
1000,M,50.30800821,Gaven Wojak,US,Member
1001,M,19.34017796,Wali Gatzmer,US,Normal
1002,M,35.26625599,B.M. Hasselerharm,NL,Member
1003,F,26.28884326,Debie Brown,US,Normal
1004,M,19.38124572,Dragomir Bottomley,AU,Member
1005,M,69.18822724,Michel Debbas,FR,Normal
1006,M,56.32032854,William Pangle,US,Member
1007,F,70.27241615,Christa Chavez,DE,Member
1008,M,22.40657084,Risden Kinerson,US,Member
1009,M,18.40109514,Yves Decalf,FR,Member
1010,M,52.26557153,Stephan Müller,CH,Normal
1022,F,49.3853525,Paule Schreiner,US,Member
1023,M,42.31895962,Dennis Haynes,US,Member
1024,F,18.27789185,Jean Wasilewski,US,Normal
1025,F,63.21697467,Donna Fury,US,Normal
1026,M,30.37371663,Tom Mertanen,FI,Normal
1027,F,19.29089665,Genevieve Atlan,FR,Member
1028,F,36.29295003,Ginetta Prampolini,IT,Normal
1029,M,43.41409993,Alister Wills,AU,Member
1030,M,70.2532512,Linda Warne,GB,Member
1031,F,26.29705681,Sigrid Köpl,DE,Member
1032,M,46.18754278,Gary Twardy,US,Member
1033,M,33.25393566,Selim Okay,TR,Member
1034,F,29.2128679,Fatma Linwood,CH,Member
1035,M,40.27378508,Daniel Coslello,US,Normal
1036,M,18.20123203,Raimundo Muñoz Durán,ES,Member
1037,M,62.19301848,David Winship,GB,Normal
1038,M,64.31211499,Marco Bettoldi,IT,Normal
1039,M,25.21013005,Simon Gregor,GB,Normal
1040,M,32.42710472,Robert Custer,US,Normal
1041,M,61.20465435,E.R. Van Hulst,NL,Member
1042,F,41.29500342,Nadja Bühring,DE,Member
1043,M,61.29226557,Henry Lewis,US,Normal
1044,F,43.27173169,Elena Lattuada,IT,Member
1045,F,22.30800821,Margarett Winterbottom,AU,Member
1046,M,54.32169747,Stacy Kovitz,US,Member
1047,M,14.2696783,Tyron Samms,US,Normal
1048,F,60.24914442,Gina Clauset,US,Normal
1049,M,65.17180014,Christine Pignoni,IT,Normal
1050,F,38.37097878,Mendoza Basnight,US,Member
1051,F,14.22313484,Micheline Giangrande,FR,Member
1052,F,33.29500342,Adelina Torchio,IT,Member
1053,F,51.38124572,I.H. Booij,NL,Member
1054,M,39.35934292,Franz Saffer,DE,Member
1055,M,30.25051335,William Peabody,US,Normal
1056,M,51.31279945,Zandt Mikles,US,Normal
1057,M,39.29637235,Russell Martin,GB,Normal
1058,F,39.321013,Tina Breüner Barfod,DK,Normal
1059,F,44.21355236,T.l. Heuvelman,NL,Normal
1060,M,26.28062971,Göran Alsterlund,SE,Member
1061,M,53.18001369,Anthony Smith,US,Normal
1062,F,28.22176591,Ellinor Barbisch,US,Member
1063,M,17.4072553,Timothy Dominick,US,Member
1064,M,31.20876112,Harold Rothbart,US,Member
1065,F,16.21081451,Catherine Gravosqui,FR,Member
1066,M,17.31416838,Timothy Tucker,US,Normal
1067,F,13.38809035,Kelli Domevan,AU,Normal
1068,F,23.37303217,Tsun-Min Richardson,US,Normal
1069,F,16.24914442,Donna Myers,US,Normal
1070,F,41.32511978,Shari Mpinga,US,Normal
1071,M,56.21629021,Michael Priwitzer,AT,Member
1072,F,19.38398357,Leila Pyörny,FI,Member
1073,F,25.41273101,Blondall Wyatt,US,Normal
1074,M,18.21492129,Roger Bengtsson,SE,Member
1075,F,57.37713895,Anissa Kovalchick,US,Normal
1076,M,22.23682409,Robert Nobles,US,Member
1077,F,51.25804244,Maniben Payne,US,Member
1078,F,34.34086242,Jan Bergendahl,SE,Normal
1079,M,27.24709103,Bernard Vesel,US,Member
1080,F,19.29637235,Gisele Beaugendre,FR,Normal
1081,M,15.34017796,Epperson Bartley,US,Member
1082,F,69.3798768,Elzie Moss,US,Member
1083,M,65.38261465,Peter Crispie,GB,Member
1084,M,30.23408624,Alan Davis,GB,Member
1085,M,47.27173169,Sherrell Dorgham,US,Member
1086,M,16.29568789,Carlston Daud,US,Normal
1087,F,43.18685832,Ros Boscott,GB,Normal
1088,F,23.33744011,Emmanuelle Geisbüsch,DE,Member
1089,M,26.30253251,Brijal Higgens,US,Normal
1090,M,38.39561944,Hermann Büchs,DE,Normal
1091,F,49.23750856,Anne-Yvonne Piguet,FR,Normal
1092,M,46.2696783,Gunther Tojscher,DE,Member
1093,F,27.22518823,Dakese James-Manus,US,Normal
1094,M,52.39425051,Denis Meranger,FR,Normal
1095,M,46.32443532,Denis Gouelo,FR,Normal
1096,F,14.30253251,Charlcie Kamarack,US,Normal
1097,M,58.39288159,Alberto Palazzini,IT,Normal
1098,F,14.2477755,Hazel Viands,US,Normal
1099,F,62.2587269,Wendy Thatcher,GB,Member
1100,M,62.28336756,Ahmet Canko,TR,Normal
1101,M,52.25188227,Giuseppe Covili,IT,Member
1102,M,51.26625599,Michael Eagles,GB,Member
1103,M,59.3045859,Hans Peter Fremann,DE,Normal
1104,M,62.23408624,Pierluigi Giacino,CH,Normal
1105,F,46.32169747,J.C. Dosker,NL,Normal
1106,F,22.25598905,Xenia Brice,US,Normal
1107,M,27.34291581,Markus Eiden,DE,Member
1108,M,13.2073922,Jason Babiak,US,Normal
1109,M,49.29774127,William Dong,US,Normal
1110,M,30.4202601,Willi Schliffke,DE,Normal
1111,F,33.25941136,Margaret Marangos,US,Normal
1112,M,61.22655715,Jürgen Niehus,DE,Member
1113,F,52.30663929,Camilla Benteby,SE,Member
1114,M,48.32032854,Leonzia Miller,US,Member
1115,F,50.20944559,Renee Spallone,US,Normal
1116,F,48.32032854,Laurence Pataut,FR,Normal
1117,M,25.43189596,Christoph Dutz,DE,Normal
1118,M,39.22518823,Francisco Arroyo,ES,Normal
1119,M,20.27652293,Kieran Clinchard,US,Normal
1120,M,37.26214921,Mary Vrabel-Linsdell,US,Member
1121,M,15.39767283,Hope Leach,US,Normal
1122,M,44.35865845,Burak Akbas,TR,Member
1123,M,25.28131417,Luis Carlos Díaz Ochagavia,ES,Member
1124,M,17.36071184,Jeffrey Bratzke,US,Member
1125,M,13.43737166,Martin Forrest,GB,Member
1126,M,25.2128679,Justin Bittinger,US,Member
1127,M,46.28884326,Charles Williams,US,Normal
1128,F,46.28610541,Nilla Patrizia Sanvito,IT,Member
1129,M,42.24229979,Geoffrey Newman,US,Normal
1130,M,49.3908282,Whitt Atwood,US,Member
1131,F,48.29021218,Erika Gilles,DE,Normal
1132,F,42.38740589,Nancie Teator,US,Member
1133,F,53.2238193,Nathalie Godfin,FR,Normal
1134,M,57.19917864,R.H.J. Van Den Born,NL,Normal
1135,M,17.37713895,Baswell Duberman,US,Normal
1136,M,65.22655715,Michael Göbs,DE,Member
1137,M,48.39972621,Robert Allen,US,Normal
1138,F,22.28884326,Monika Jovin,DE,Member
1139,M,27.43052704,Koka Brinson,US,Normal
1140,M,37.23203285,Orkun Dolgun,TR,Normal
1141,M,40.29842574,Charles Fulmer,US,Member
1142,F,21.30595483,Fabiola Jilg,DE,Member
1143,F,21.33333333,Helen Anzola,US,Member
1144,F,29.25393566,Raffaella Belli,CH,Normal
1145,M,13.29500342,Eric Gyles,US,Member
1146,F,67.20054757,Madeleine Adolfsson,SE,Normal
1147,F,17.37713895,Honor Keithly,US,Member
1148,M,33.36892539,Jeffery Eswein,US,Normal
1149,M,61.31690623,James Pendola,US,Member
1150,M,13.28405202,Turev Sinemillioglu,TR,Member
1151,M,43.20876112,Jacques Guilchard,FR,Normal
1152,F,60.3394935,Laura Bonamico,IT,Member
1153,M,21.31416838,Ralf Schlagentweith,DE,Member
1154,M,62.33538672,Freerk Kintner,US,Member
1155,F,31.42231348,Ana María Tovías Hofmann,ES,Normal
1156,M,70.20123203,Giancarlo Sidyanski,CH,Member
1157,F,47.37303217,Anny Paintrand,FR,Normal
1158,F,34.31622177,Montrina Dunn,US,Member
1159,M,15.34291581,Ajay Casusol,US,Member
1160,M,38.28610541,Tabb Shigas,US,Normal
1161,F,23.34291581,Joquitta Lappage,US,Member
1162,F,51.36481862,Anne Marie Thijs,NL,Member
1163,M,14.31895962,Spencer Kuchnia,US,Normal
1164,M,33.27310062,Colm Brant,GB,Member
1165,M,69.3963039,Roberto Kolaric,AU,Member
1166,F,69.19917864,Franca Delvino,IT,Member
1167,F,45.29226557,Jonnie Danyluk,US,Normal
1168,F,38.29431896,Karlita Mcclenney,US,Normal
1169,M,35.37850787,Guogang Schermerhorn,US,Member
1170,M,17.28131417,José João Veríssimo Correia,PT,Normal
1171,M,70.16290212,Millard Atty,US,Normal
1172,F,36.38603696,Christina Almgren,SE,Normal
1173,M,22.34086242,Miguel Ángel Vallejo,ES,Normal
1174,F,15.27446954,Cashaunda Gillcoat,US,Normal
1175,M,29.26488706,Rika Krutza,US,Member
1176,M,43.34291581,Erkki Hanifi,FI,Member
1177,M,53.39356605,Fay Upchurch,US,Normal
1178,M,40.1889117,Rebecca Verbruggen,US,Normal
1179,F,65.16906229,Christina Bergenstjerna,SE,Normal
1180,M,62.23134839,Bryan Edenfield,US,Normal
1181,M,63.24709103,Dervin Ivie,US,Member
1182,M,63.20054757,Sabad Al Saeede,US,Normal
1183,F,37.3744011,Ferry Fabre,FR,Member
1184,F,42.30800821,Alissa Sintal,US,Member
1185,M,65.2183436,Rob Svec,US,Member
1186,F,17.33059548,Kay Lee,US,Member
1187,M,40.20260096,Mohamed Ortigosa,IT,Normal
1188,M,23.27720739,Bob Clibbens,GB,Member
1189,F,67.19780972,Tracy Wesdock,US,Normal
1190,F,60.28747433,Debra Kist,US,Member
1191,F,24.38056126,Jennifer Fehlberg,AU,Member
1192,F,32.21081451,Angelia Mruk,US,Member
1193,F,48.28473648,A.M. Geurtsen,NL,Normal
1194,F,17.24572211,Teresa Lengyel,US,Member
1195,F,59.30184805,Kristin Mroz,US,Member
1196,M,28.29568789,Robert Hinchey,US,Member
1197,F,70.26146475,Dorene Kamar,US,Normal
1198,M,27.29637235,Bobby Cox,US,Member
1199,M,18.30527036,Peter Fremerey,DE,Member
1200,F,52.3559206,J.A. Metske,NL,Member
1201,F,58.37097878,Emmaree Law,US,Normal
1202,M,63.36755647,Jimmy Depuy,US,Member
1203,F,52.28747433,Pilar Fominaya Gómez,ES,Member
1204,M,18.29158111,Clea Kapitula,US,Member
1205,F,51.35386721,Cristina Olea,ES,Member
1206,F,18.37919233,Mar Reyes,ES,Normal
1207,M,44.30937714,Gunter Röte,DE,Normal
1208,M,37.34702259,Christian Morellon,FR,Normal
1209,F,41.28131417,Ayca Kaya,TR,Member
1210,F,57.35523614,Carmen Castel,ES,Normal
1211,F,58.23956194,Corinne Biauce,FR,Normal
1212,M,13.20465435,Grattan Bonin,US,Member
1213,M,51.31279945,Jose Maurin,FR,Member
1214,M,69.29774127,Rafik Sabatier,FR,Normal
1215,M,70.36002738,Patrik Kartela,FI,Normal
1216,M,18.2477755,Malte Knols,DE,Normal
1217,F,32.40793977,Helena Andersson,SE,Member
1218,F,50.22861054,Valerie Gigot,FR,Normal
1219,F,50.26146475,Amedea Caifa,IT,Normal
1220,M,21.34154689,Claudio Selmoni,CH,Normal
1221,M,47.33470226,Flemming Jens Præst,DK,Member
1222,M,39.35386721,Jeffrey Murison,GB,Member
1223,F,57.19917864,Debbie Mcgonigal,US,Member
1224,F,53.3798768,Hanna Jürgensen,DE,Normal
1225,M,30.2642026,Parag Rennick,GB,Member
1226,M,37.38809035,Yanis Kermorvant,FR,Normal
1227,M,28.23819302,Laurent Brisson,FR,Member
1228,F,32.29568789,J.J.H. Dol,NL,Member
1229,M,40.19164956,Bernd-Joachim Koch,DE,Normal
1230,F,24.38329911,Sarah Courtney,GB,Member
1231,M,26.40657084,Maurice Fantin,IT,Member
1232,M,64.20807666,Lonnie Citro,US,Normal
1233,M,33.32238193,Andrea Gittardi,IT,Member
1234,M,16.25188227,David Peters,US,Member
1235,M,30.2477755,Brian Malley,US,Member
1236,M,26.33264887,Claus Mc Laren,DE,Normal
1237,M,51.26078029,Kaozon Kissel,US,Normal
1238,M,45.33607118,Donnie Williams,US,Member
1239,M,70.39014374,Tryon Dalleo,US,Member
1240,F,45.18548939,Christa Birkendorf,DE,Member
1241,F,32.28199863,Wilma Burleigh,US,Member
1242,M,32.22724162,Tanijah Marsic,US,Member
1243,M,65.23750856,David Hogrefe,US,Member
1244,F,56.26009582,Bossila Loncle,FR,Member
1245,F,62.40657084,Chhay Seymore,AU,Normal
1246,M,22.27789185,Prachuab Kowite,US,Normal
1247,F,20.37234771,Eija Hanifi,FI,Member
1248,F,32.19712526,Carol Dyer,US,Member
1249,M,35.30732375,William Brown,US,Member
1250,F,50.28610541,Leah Greene,US,Member
1251,M,49.32238193,Stephen Everson,GB,Member
1252,M,67.2881588,Howard Kuster,US,Normal
1253,M,36.29021218,John J Boyce,GB,Member
1254,F,60.27926078,Marcelle Mcmillan,GB,Member
1255,M,46.36550308,Ademola Lippmann,US,Normal
1256,M,69.23750856,Anthony Noyes,US,Member
1258,F,70.20396988,Earliss Mc Allister,US,Normal
1259,M,26.24503765,Jonathan Sabol,US,Member
1260,M,27.20876112,Jose Talton,US,Member
1261,M,59.23613963,Óscar Fuentes Lozano,ES,Normal
1262,F,66.17659138,Karin Pache,DE,Member
1263,F,61.32785763,I.B. Poppenk Msc,NL,Member
1264,F,58.36002738,Therese Berthier,FR,Normal
1265,M,13.25393566,Richmond Ellis,US,Member
1266,F,22.39288159,Burneta Dey,US,Normal
1267,M,66.18206708,Michele Shrimpton,GB,Member
1268,M,51.37029432,William Mccain,US,Member
1269,F,69.28131417,Mary Stelli,US,Normal
1270,M,60.26830938,Reinhard Below,DE,Normal
1271,F,69.18275154,Peter Bumbiczka,HU,Normal
1272,F,14.2477755,Julile Fiede,AU,Member
1273,M,57.38809035,Eric Kicklighter,US,Member
1274,F,60.38056126,Barbara Grimaldi,IT,Normal
1275,F,61.16906229,Binita Reedy,US,Normal
1276,M,51.22518823,Joel Godwin,US,Member
1277,M,69.25667351,Bassam Carsley,AU,Member
1278,M,38.41478439,Klaus Schalthêfer,DE,Member
1279,M,43.33470226,Rickey Hudson-Curtis,US,Member
1280,F,31.34017796,Caterina Gonzalez,US,Normal
1281,F,39.34565366,Ratasha Woelffer,US,Member
1282,M,14.22039699,Rudolf Cola,CH,Normal
1283,M,65.33059548,Margie Kocenko,US,Normal
1284,F,61.20465435,Florence Whitley,US,Normal
1285,M,29.24845996,Christoph Haas,DE,Member
1286,F,39.19233402,Ardith Dutrow,US,Member
1287,M,14.40383299,Jean-Marc Taylor,GB,Normal
1288,F,25.2347707,Diana Clavera,ES,Normal
1289,F,42.24503765,Nathalie Caldas,FR,Normal
1290,F,44.33127995,Jenna-Blue Debinder,US,Member
1291,M,19.321013,Jalal Mondou,US,Member
1292,M,39.19780972,Kjell Canestrini,SE,Member
1293,M,23.27446954,Peter Thoahlane,ZA,Normal
1294,F,39.31279945,Veronique Koeter,NL,Normal
1295,M,40.41889117,Bruce Scholey,GB,Normal
1296,M,67.22518823,Bykim Corsi,US,Normal
1297,F,63.27720739,Penniza Yadaliz,US,Member
1298,M,55.27994524,Onrai Birdsall,US,Member
1299,F,43.2936345,Silke Girdlatis,DE,Normal
1300,M,32.36413415,David Fernández Hermosilla,ES,Normal
1301,F,46.31895962,Dickie Shellhorn,US,Normal
1302,M,37.4017796,Lamichael Wilson,US,Normal
1303,F,26.20670773,Rosa García Muñoz,ES,Normal
1304,F,68.31759069,Christine Pejoux,FR,Normal
1305,F,56.37508556,Marina Riccardi,IT,Member
1307,M,34.29979466,Lance Westall,US,Normal
1308,M,20.38877481,John Moniz,US,Normal
1309,M,69.26762491,Phillippa Zegarelli,AU,Member
1310,M,40.34770705,Anthony Kawu,NG,Member
1311,M,32.39698836,Christian Leblan,FR,Member
1312,F,70.32443532,Sheila Corney,GB,Normal
1313,M,58.40657084,Michael Nasreen,GB,Member
1314,M,20.41341547,David Jarrett,US,Member
1315,F,23.22792608,Stella Sigueros,ES,Normal
1316,M,49.31416838,Román Valbuena López,ES,Member
1317,M,56.31485284,Roger Roberts,GB,Member
1318,M,67.37850787,Tobias Schneider,DE,Normal
1319,F,65.229295,Sue Uhrig,AU,Normal
1320,M,25.26488706,Lars Wahl,DE,Normal
1321,F,47.21971253,Inmaculada Trejo Gutiérrez,ES,Member
1322,F,53.3853525,Enhwa Duran,US,Member
1323,F,40.31485284,Li Or Orton,US,Normal
1324,M,43.40862423,Michele Bosi,IT,Normal
1325,M,65.32238193,Dale Weddle,GB,Member
1326,M,28.32854209,Robert Ladvegig,US,Normal
1327,M,27.36208077,Garnie Williams,US,Normal
1328,M,54.35181383,Tidie Lowa,US,Member
1329,F,20.43531828,Marta Bernal Zúñiga,ES,Normal
1330,F,66.28884326,Shawnette Pfeffer,US,Member
1331,F,48.26830938,Else Gade Jensen,DK,Normal
1332,M,34.27789185,Ilkiz Marsh,US,Normal
1333,F,38.23134839,Daxa Melott,US,Member
1334,F,59.26078029,Emille Coppotelli,US,Normal
1335,F,50.41752225,Sandra Wang,AT,Member
1336,F,61.16906229,Hyo Salstead,US,Member
1337,M,47.26625599,Ching Dixon,US,Member
1338,F,41.40451745,Pamela Seward,US,Normal
1339,M,22.29431896,Jean-Paul de Liedekerke,BE,Normal
1340,M,66.34360027,Martina Harder,CH,Member
1341,M,45.20465435,Aart Boey,BE,Member
1342,F,42.20944559,Morena Decleva,IT,Member
1343,M,18.37919233,Donny Rigby-Hall,GB,Normal
1344,M,66.23408624,Fabio Massimo Balocco,IT,Member
1345,F,15.37303217,Sabine Nelius,DE,Normal
1346,F,42.4202601,Thomas Andersson,SE,Normal
1347,M,69.25119781,Massimo Autore,IT,Member
1348,F,70.36824093,Hau Mei Lin Kjorstad,NO,Member
1349,M,45.28405202,Philip B Phillips,GB,Member
1350,M,32.36413415,Satendra Ceselli,AU,Member
1351,F,37.27310062,Sonetra Zagula,US,Member
1352,F,33.24572211,Are K. Edvardsen,NO,Member
1353,F,17.42642026,Bilge Bulvari,TR,Member
1354,F,49.2347707,Manuela Lengfeld,DE,Normal
1355,M,42.28610541,Alan Gibel,US,Normal
1356,M,47.27173169,Frederic Sharat,US,Normal
1357,M,58.275154,Brian Lombardi,US,Normal
1358,F,24.3340178,A.C. V.d. Akker,NL,Normal
1359,M,41.30047912,Durwin Diekemper,US,Member
1360,M,50.40657084,Michael Langhein,DE,Normal
1361,M,28.36960986,Franco Pirro,IT,Normal
1362,F,29.2073922,Margit Lischka,AT,Member
1363,M,51.31827515,Eric Bimont,FR,Normal
1364,F,57.36618754,Rebecca Hatch,US,Normal
1365,F,34.37919233,Huguette Van Den Eynden,BE,Normal
1366,F,63.23613963,Valerie Limosin,FR,Member
1367,M,67.18959617,Mike Norman,GB,Normal
1368,M,27.38398357,Robert Schaffer,AT,Member
1369,F,37.18548939,Ute Rick,DE,Member
1370,M,36.22997947,J.N.l. Simonis,NL,Normal
1371,F,63.20876112,Annett Pyta,DE,Normal
1372,F,21.36071184,Shirley Jackson,US,Normal
1373,M,16.36413415,Mark Wignell,AU,Member
1374,M,48.38329911,Klaus Baumgartner,DE,Member
1375,F,38.37645448,Christelle Fauth,FR,Normal
1376,M,47.25256674,Lewis Fields,US,Member
1377,F,66.29705681,Sandra Hoffmann,US,Member
1378,M,15.23887748,Erich Reichhold,DE,Normal
1379,M,61.34154689,Antwoine Exelbierd,US,Member
1380,M,35.31827515,Markus Schirmer,DE,Normal
1381,F,45.23750856,Davonna Londy,US,Normal
1382,F,65.18822724,Anna Palmisani,IT,Member
1383,F,61.24845996,Jean Dee,GB,Normal
1384,M,64.22450376,Bryan Norko,US,Normal
1385,F,56.39425051,Amaya García,ES,Member
1386,M,29.42094456,William Kavelak,US,Normal
1387,M,49.21560575,James Kelley,US,Normal
1388,M,45.18822724,Alan Watson,GB,Normal
1389,M,57.28131417,Charlie Ellis,US,Member
1390,M,67.37029432,Alpheaus Radler,US,Member
1391,M,43.36208077,Harald Kumm,DE,Normal
1392,F,67.321013,Astrid Dennewald,LU,Member
1393,M,40.19986311,Daniel Bottone,US,Normal
1394,M,40.25735797,Dragan Protiæ,YU,Normal
1395,M,33.30595483,René Totte,BE,Normal
1396,M,69.22108145,Alfonso Álvarez Villa,ES,Member
1397,F,13.25119781,Valerie Morin,FR,Normal
1398,F,52.36413415,Valarie Fluharty,US,Normal
1399,M,13.42642026,Jean-Maxime Delcambre,BE,Member
1400,F,56.32854209,Maddalena de Robbio,IT,Normal
1401,F,15.38672142,Daphne Forot,FR,Member
1402,M,43.29089665,Giuseppe Beneduce,IT,Member
1403,F,59.21149897,Destiny Houghtby,US,Member
1404,M,39.33196441,Lorean Kyle,US,Normal
1405,M,14.4421629,Russell Mougeot,AU,Member
1406,M,46.33264887,J P Papakinakopoulos,GR,Member
1407,F,50.37097878,Coleen Sims,GB,Member
1408,M,32.38877481,Rajeev Robotham,AU,Member
1409,M,44.18069815,Cuva Untz,US,Member
1410,M,36.34223135,Paul Waegaert,FR,Normal
1411,F,18.26694045,Sheree Zehnder,US,Normal
1412,M,17.2238193,John Horry,GB,Normal
1413,F,15.34017796,Isabelle Grotto,IT,Member
1414,M,65.35797399,Günter Krebs,DE,Member
1415,M,35.19507187,Jordi Barceló,ES,Member
1416,M,64.36687201,Ingemar Axelson,SE,Normal
1417,M,58.28336756,Ralph Gulya,US,Normal
1418,F,38.275154,Célia Marrafa,PT,Normal
1419,F,47.22792608,Alda Burch,US,Normal
1420,M,51.30184805,Martín Antonio Rodríguez Varea,ES,Normal
1421,M,28.31759069,Kevin Horky,US,Member
1422,M,50.2642026,Ramon Grimolizzi,IT,Member
1423,F,24.19986311,Delecia Rosenbloom,US,Normal
1424,M,62.29979466,Robert Apel,DE,Member
1425,F,18.27241615,Heidi Duikland,GB,Normal
1426,F,58.20123203,Clearissa Charnoplosky,US,Member
1427,F,27.26625599,Brigitte Blaut,FR,Member
1428,F,31.24435318,Pia Boreham,GB,Normal
1429,M,19.3155373,Dr. Erol Bulvari,TR,Member
1430,F,37.2183436,Marsha Corchiani,US,Member
1431,M,41.24024641,Joshua Manavi,US,Normal
1432,M,47.37303217,Placido Romelli,IT,Normal
1433,M,39.2881588,Kolin Mcclam-Hinton,US,Normal
1434,F,37.20465435,Shontelle Andrade,US,Normal
1435,M,46.27789185,Frank Birken,DE,Member
1436,F,28.40793977,Montserrat Carbonell Guevara,ES,Member
1437,M,22.22861054,Lei Long,US,Normal
1438,M,28.41615332,Marco Galotto,IT,Member
1439,M,60.21081451,Klaas Whenray,GB,Member
1440,M,18.36002738,Hayne Cronin,US,Member
1441,F,27.39219713,Sangeetha Chuu,US,Normal
1442,M,68.39151266,Markus Sobanja,AU,Member
1443,F,28.22176591,Montserrat Bravo,ES,Normal
1444,F,54.35455168,Anna Brancadoro,IT,Member
1445,M,43.18138261,Tom Hansjakob,DE,Normal
1446,M,50.29705681,Johnny Gerrity,US,Member
1447,M,57.33333333,Patrick Crosson,US,Member
1448,F,53.229295,Christa Knopf,DE,Member
1449,M,53.17727584,Aristide Miorelli,IT,Normal
1450,F,17.2019165,Montserrat Elexpe,ES,Normal
1451,M,58.38740589,Michael Leslie,US,Member
1452,F,34.19849418,Annetta Baehrle,DE,Normal
1453,M,29.24024641,Mahmoud Halfhide,GB,Normal
1454,M,28.23271732,Charles Noulis,US,Normal
1455,M,68.1779603,Richard Nisiriov,AU,Member
1456,F,69.3798768,Jan Andersson,SE,Normal
1457,F,51.27994524,Catrin Stieglbauer,DE,Member
1458,M,13.25941136,Timothy Mcmenamin,US,Member
1459,M,47.28542094,Zeph Hunsinger,US,Normal
1460,F,22.275154,Kyne Brannigan,US,Normal
1461,M,65.3963039,Lythel Balestrieri,US,Member
1462,F,60.3394935,Samantha Parr,US,Member
1463,F,21.33059548,Devanne Hill,FR,Normal
1464,F,49.32238193,H.F.R. Notron,NL,Member
1465,M,54.27789185,Anthony Cleek,US,Normal
1466,F,26.4202601,Simone Zimmermann,DE,Member
1467,F,41.27583847,Libera Petilli,IT,Normal
1468,F,44.30663929,Jan-Reijer Oskam,NL,Member
1469,F,28.23271732,Bondeana Carter,US,Member
1470,M,58.26694045,Mario Andrea Porcarelli,IT,Member
1471,F,66.38193018,Mary Creel,US,Member
1472,F,22.31895962,Beate Mecklenburg,DE,Member
1474,F,35.321013,Jerkila Kelner,US,Normal
1475,M,55.18959617,Jean Sindres,FR,Member
1476,F,51.38124572,Carolyn Jackson,US,Normal
1477,M,59.19233402,Jimmy Stinner,US,Normal
1478,F,14.4202601,Ana Isabel Orteu,ES,Normal
1479,F,39.21697467,Carla Cianciusi,IT,Member
1480,M,59.38398357,Hugues Ramond,FR,Member
1481,M,21.2128679,Phil Davies,GB,Member
1482,M,59.19780972,Maurice Dredge,GB,Member
1483,F,43.37303217,Joanna Brockenbrough,US,Normal
1484,M,20.30663929,Lai Moore,US,Normal
1485,F,44.3613963,Delores Soderston,US,Member
1486,M,61.34428474,Jeramie Harper,US,Normal
1487,M,67.24161533,Shafik Stratton,US,Normal
1488,M,24.31759069,Stefan Temml,AT,Member
1489,M,59.17590691,Alfredo Sgorbini,IT,Normal
1490,F,69.23203285,Mary Tuggle,US,Member
1491,M,16.30663929,Bernard Totot,FR,Member
1492,M,24.38877481,Ruggero de Gisi,IT,Normal
1493,F,62.32169747,Meshara Samsom,US,Member
1494,F,53.21560575,Charlotte Bialek,DE,Normal
1495,F,15.21971253,María del Carmen Retecal,ES,Member
1496,F,41.37166324,Trudy Trusty,US,Member
1497,F,29.39356605,Chantal Ziccardi,IT,Member
1498,F,31.42778919,Jorean Sequeiraa,US,Member
1499,F,53.30869268,Lolynda Chambers,US,Member
1500,M,63.25804244,William Kake,US,Member
1501,F,41.39356605,Ana Menéndez,ES,Normal
1502,F,44.29568789,Karen Birgit Paulsson,DK,Member
1503,F,52.40246407,María Elena Calabria,ES,Member
1504,F,22.32991102,Tiziana Molinari,IT,Member
1505,M,33.28952772,Dieter Renschler,DE,Member
1506,F,47.20876112,Inken Tegge,DE,Normal
1507,F,29.28678987,Joannie Kabel,US,Member
1508,M,13.32238193,Heinz Veitl,AT,Member
1509,M,41.22655715,Peter Enghard Koefoed,DK,Normal
1510,F,48.24366872,Mary Blum,US,Normal
1511,M,50.37097878,Joseph Boccaccio,US,Member
1512,M,13.32785763,Sylvain Goussu,FR,Member
1513,M,52.27104723,Patrick Pion,FR,Normal
1514,F,55.36481862,Muriel Montagnon,GB,Normal
1515,F,63.28542094,Emalyne Demolli-Smith,US,Normal
1516,F,57.29226557,Suchitra Tigert,US,Normal
1517,M,46.2477755,F.A.M. Gatzen,NL,Normal
1518,F,69.3744011,Armeda Mcgrane,US,Member
1519,F,29.23203285,Rui Joao Mendes,PT,Normal
1520,M,38.35728953,Andreas Seeling,DE,Member
1521,F,59.37303217,Barbara Scheinost,DE,Member
1522,M,18.39288159,Martin Yasukawa,GB,Member
1523,M,66.37919233,Alonzo Drewry,US,Member
1524,M,36.23819302,François Liégeois,BE,Normal
1525,F,42.22039699,Blondelle Melora,US,Member
1526,F,54.19028063,Renee Sloane,US,Member
1527,F,53.29226557,Netter Brueggeman,US,Normal
1528,F,38.32717317,Fleta Cornejo,US,Member
1529,M,55.23887748,Walter Saxer,CH,Normal
1530,M,25.20465435,Lokesh Walker,GB,Normal
1531,F,63.34565366,Maria Bargmann Hersom,DK,Member
1532,M,27.37850787,Karen Caltagirone,US,Member
1533,M,50.35728953,Timo Dahlgren,FI,Member
1534,M,38.19849418,Kiran Van Der Mere,GB,Member
1535,F,39.40041068,Loy Mccomsey,US,Normal
1536,M,66.32443532,Jean-Michel Faudot,FR,Normal
1537,M,27.2881588,Zhihang Mason,US,Member
1538,M,64.24093087,Sheron Repine,US,Member
1539,M,68.28199863,Rainer Trunzer,DE,Normal
1540,M,32.39972621,Carsten Niels Schmidt-Hansen,DK,Normal
1541,F,40.25462012,María del Carmen Alfaro,ES,Normal
1542,M,23.33196441,Bernd-Joachim Löffelad,DE,Normal
1543,M,29.25119781,Felipe Maravall,ES,Member
1544,F,43.18138261,Elina Hönen,DE,Member
1545,M,64.21355236,Sunil Becker,DE,Normal
1546,F,43.42231348,Magda ©pec,SI,Normal
1547,F,56.3340178,Anita Sweldheim,NL,Normal
1548,M,27.321013,Tieu Widgeon,US,Normal
1549,F,30.22587269,Patrizia Haag,DE,Member
1550,M,42.18754278,Grahme Culpepper,US,Normal
1551,M,64.22997947,Brett Roerink,US,Normal
1552,M,62.38740589,Leif Erik Vik,NO,Normal
1553,F,18.37371663,Samantha Casuccini,FR,Member
1554,F,18.28336756,Felicite Le Professeur Dujols,FR,Normal
1555,F,54.28884326,Angelina Figini,IT,Normal
1556,F,30.35181383,Betty Bordeaux,US,Normal
1557,M,40.19164956,Sergio Antonio Beccaria Babio,ES,Normal
1558,F,15.40314853,Linda Gochet,BE,Member
1559,M,25.31416838,Arlo Blowe,US,Member
1560,M,24.29295003,Lars Enström,SE,Member
1561,M,21.42094456,Victor Manuel de la Torre del Rio,ES,Normal
1562,F,42.31348392,Betty-Jane Degrand,US,Member
1563,M,21.31416838,Rolf Perl,DE,Member
1564,F,24.24093087,Francine Mcloughan,GB,Member
1565,M,55.36208077,Bonfiglio Sardi,IT,Member
1566,M,37.24572211,Antonio Sanz San Miguel,ES,Member
1567,F,43.3155373,Nancy Birkemeier,US,Member
1568,M,35.18959617,Parish Senos,PT,Member
1569,M,51.18685832,José Antonio Serralte Herrero,ES,Normal
1570,F,40.26557153,Ulla Meinel-Schmidt,DE,Member
1571,M,21.27583847,Steven Buel,US,Member
1572,M,33.19096509,Rodney Rossetti,US,Normal
1573,M,25.34154689,Volker Eisele,DE,Normal
1574,M,51.37303217,Marcel Busch,DE,Member
1575,M,59.19507187,Thorsten Bartol,DE,Member
1576,M,51.25256674,Heinz Nussbaumer,AT,Normal
1577,M,70.34360027,Hai Caillat,FR,Member
1578,F,14.22313484,Elizabeth Blom,US,Normal
1579,M,45.27310062,Jean-Louis Monderen,BE,Normal
1580,F,30.36002738,Janice Paolantonio,US,Normal
1581,M,15.38124572,Godehard Hähnel,DE,Member
1582,M,30.35728953,Jennifer Ruzza,IT,Member
1583,F,39.35660507,Ana Luísa Duarte Veiga,PT,Normal
1584,F,45.34428474,Ana Díaz Arévalo,ES,Normal
1585,F,56.35318275,Thimysta Leingang,US,Normal
1586,M,36.20260096,James Walker,US,Member
1587,F,33.25941136,Marta Gil-Pérez,ES,Member
1588,M,41.26488706,Bob Cummings,GB,Normal
1589,F,58.35728953,Carla Maria Frignati,IT,Normal
1590,F,54.23682409,Outi Schwalb,DE,Member
1591,M,26.34907598,Jens Scherpinski,DE,Member
1592,M,51.25804244,Ralph Mauchmar,US,Normal
1593,F,36.27652293,Markku T. Yrjölä,FI,Normal
1594,M,49.22655715,Thomas Katzenmaier,US,Member
1595,F,53.36071184,Marlis Schöpper,DE,Normal
1596,M,62.2642026,Jaydev Larson,US,Member
1597,M,28.35318275,Horst Kurfürst,DE,Member
1598,M,14.26694045,Rafael Salazar,ES,Normal
1599,M,29.33059548,Jonathan Folkerts,US,Normal
1600,M,44.26283368,Horst Rehberger,DE,Normal
1601,M,50.38193018,Alfred Mounier,FR,Normal
1602,F,34.32717317,Chona Von Dauber,US,Member
1603,M,64.21355236,John Richon,US,Normal
1604,F,46.21765914,Jeri Keaton-Barrow,US,Member
1605,M,35.22518823,Marchi King,US,Member
1606,M,45.40451745,Sad Renaud,FR,Member
1607,F,29.2183436,Mae Sauder,US,Normal
1608,M,28.30390144,Michael Papen,DE,Member
1609,F,60.3394935,Jasmine Möbius,DE,Member
1610,M,56.26557153,Gary Skinner,GB,Normal
1611,M,51.18959617,Avni Saran,TR,Normal
1612,M,60.36960986,Leslie Morrison,US,Normal
1613,F,36.21355236,Judy Alberti,US,Normal
1614,M,15.3045859,Alessandro Patron,IT,Member
1615,F,65.29500342,Martinine Ussery,US,Normal
1616,F,20.20533881,Mónica Merino Zamorano,ES,Normal
1617,F,65.31143053,Brandilynn Jones,US,Member
1618,F,69.32238193,Maija Paananen,FI,Member
1619,F,61.28678987,Jacqueline Salter,GB,Member
1620,F,15.33196441,Joyce Gallitz,US,Member
1621,F,35.36208077,Tove Irene Nauste,NO,Member
1622,F,22.34086242,Neda Kean,AU,Member
1623,F,13.3908282,Micha Robbins,US,Member
1624,M,64.21355236,Philippe Dekindt,FR,Normal
1625,M,48.30116359,Paul Hood,GB,Member
1626,M,67.35934292,Rolf Tokkesdal,DK,Member
1627,M,38.38740589,Jackie Hye,US,Member
1628,M,22.29705681,Alistair Mensah,GB,Normal
1629,F,56.39972621,Marni Subhan,GB,Member
1630,M,30.40930869,Erkan Ünen,TR,Member
1631,F,31.32375086,Keyontae Wilson,US,Member
1632,M,53.34154689,Petrus Lehtola,FI,Member
1633,F,48.24640657,Trudy Tuorila,US,Member
1634,M,39.29089665,Lawrence Lampley,US,Member
1635,F,63.23066393,Hanna Fricke,DE,Normal
1636,M,19.22518823,Dave Aves,GB,Member
1637,F,50.2642026,Hope Kaess,US,Member
1638,F,39.33470226,Alicia Currie,US,Member
1639,M,56.25462012,Neil Lepochat,US,Normal
1640,F,51.30732375,Mai Tommy,AU,Normal
1641,F,57.25941136,Irma Rahikainen,FI,Normal
1642,M,44.34223135,Joan Redondo de Lope,ES,Normal
1643,F,42.2532512,Georgan Lilly,US,Member
1644,F,25.31964408,Katharina Pelda,DE,Normal
1645,M,66.18206708,José Luis Gómez,ES,Member
1646,M,63.32922656,Hans-Jürgen Boeckh,DE,Member
1647,M,46.21218344,James Josey,US,Member
1648,M,42.33264887,Kevin Hasenflue,US,Member
1649,F,63.33744011,Cornelia Hradek,DE,Normal
1650,M,48.18069815,Sergio Falchero,IT,Normal
1651,F,32.38877481,Samara Massabo',IT,Normal
1652,M,66.38466804,Lawerence Siege,US,Member
1653,F,56.25188227,Marielle Dezard,FR,Member
1654,F,37.31416838,Alexandra Steiner,CH,Member
1655,F,19.43326489,Padma Gerich,DE,Normal
1656,M,22.33812457,Juan Luis Rincón Carneros,ES,Normal
1657,F,25.19917864,Cass Taitingfong,US,Member
1658,F,69.22108145,Barbara Abu Harb,US,Member
1659,M,24.21902806,Gregorio García Planet,ES,Member
1660,M,63.38945927,Yousef Mcfarland,US,Normal
1661,M,26.30253251,Ivan Volpe,IT,Normal
1662,M,56.31759069,Wallace Gunolach,US,Member
1663,M,13.38809035,David Franklin,US,Normal
1664,M,52.31759069,Rudiger Perrucci,IT,Member
1665,F,45.25393566,Betsey Dawson,US,Member
1666,F,48.27104723,Aronette Travison,US,Normal
1667,F,28.40793977,Karol Hausherr,DE,Member
1668,M,52.38877481,Raymond Menayan,US,Normal
1669,M,31.20876112,Peter Küppe,DE,Normal
1670,M,17.33607118,Brian Jones,GB,Member
1671,F,18.34907598,Noel-Beth Kipisz,US,Normal
1672,F,69.30321697,Ann Kuriger,US,Normal
1673,M,40.25735797,B0bby Creech,US,Normal
1674,M,30.32169747,Larry Poole,US,Normal
1675,M,50.35728953,Patrick Levy Willard,FR,Member
1676,F,36.25735797,Shaniska Brickle-Green,US,Member
1677,M,61.31964408,Branan Maxile,US,Normal
1678,M,28.25462012,Walter Hotte,US,Member
1680,F,31.27173169,Lan Mattox,US,Member
1681,F,62.31074606,Lakshmi Elshafie,US,Member
1682,F,30.34633812,Yanching Swindell,US,Member
1683,M,56.39698836,Carlos Martínez Soliveres,ES,Member
1684,M,16.27926078,Carglar Aydemir,TR,Member
1685,M,34.22861054,Juan Almuzara,ES,Normal
1686,F,43.42231348,Claudia Rossi,CH,Member
1687,M,47.2991102,Gilles Boutan,FR,Normal
1688,M,64.27652293,Dellibabu Bunch,US,Normal
1689,M,59.40588638,Ann Womble,US,Normal
1690,F,35.37303217,Inocencia Folch Rue,ES,Normal
1691,F,19.36755647,Ulrita Flebbe,DE,Member
1692,M,29.35249829,Philip Chary,US,Normal
1693,M,27.28542094,Norbert Boes,DE,Normal
1694,M,60.19438741,Axel Steubesand,DE,Member
1695,F,36.3613963,Alice Mccoy,US,Member
1696,M,36.26830938,Thomas Cecchi,US,Member
1697,M,59.2991102,George Schneider,GB,Normal
1698,F,51.23340178,Nuria Michelet,ES,Member
1699,F,14.2477755,Sanelisiwe Walters,ZA,Normal
1700,M,62.37097878,Thomas Funda,DE,Member
1701,M,63.17864476,Gerhardt Gooden,US,Member
1702,M,53.26762491,Mario González Ocete,ES,Member
1703,M,24.28747433,Gethro Michelena,US,Member
1704,M,32.41615332,Bernd Meyer-Greve,DE,Normal
1705,F,56.27104723,Saskia Byrne,NL,Member
1706,M,37.36618754,Jeffrey Zorovich,US,Normal
1707,F,68.3340178,Sabine Krischak,DE,Normal
1708,M,24.40793977,Salah Peacock,US,Normal
1709,F,35.41136208,Ineza Wilson,US,Member
1710,F,53.21560575,Liv Inger Hamvoll,NO,Normal
1711,F,16.43805613,Zandria Harrell,US,Member
1712,M,17.43737166,Hansgünter Sturmhöbel,DE,Member
1713,M,32.41067762,Barry J Stanghon,GB,Normal
1714,M,47.26899384,Lorimer Hansel,US,Member
1715,M,25.24845996,Didier Simon,FR,Member
1716,M,57.18001369,Allie Fenti,US,Member
1717,M,29.36892539,Nekia Gargis,US,Member
1718,F,39.27720739,Margot Weinert,DE,Member
1719,F,52.34223135,Wakili Herring,US,Normal
1720,F,58.34633812,Wendy Sinko,US,Normal
1721,M,45.3853525,David Richardson,US,Normal
1722,F,41.29774127,Mariella Pettinelli,IT,Member
1723,M,26.26146475,Murray Paesler,US,Normal
1724,F,23.43326489,Diedtress Roberts,US,Normal
1725,F,30.33812457,Magda Warburton,GB,Member
1726,M,26.39014374,Tajul Blight,AU,Normal
1727,M,18.42299795,Eric Carayon,FR,Normal
1728,M,15.29089665,Steve Tyrell,GB,Member
1729,M,30.26146475,Robert Colvin,US,Member
1730,M,32.40520192,David Godshall,US,Member
1731,M,70.37371663,Amedeo Paolo Hinna Danesi,IT,Normal
1732,F,29.26762491,Cheryl Waterston,US,Normal
1733,M,25.34154689,Sune Ahlström,SE,Normal
1734,M,22.35728953,Eric Walles,FR,Member
1735,M,27.31279945,Lothar Wannags,DE,Normal
1736,F,28.43258042,Susan Becton,US,Member
1737,M,70.24229979,Hans Michael Witzenik,DE,Member
1738,F,26.38740589,Annette Röttger,DE,Member
1739,M,51.23340178,Michael Lewitzki,DE,Normal
1740,M,28.39151266,Gerhard Strothmann,DE,Member
1741,M,35.40588638,Richard Mainardi,US,Member
1742,M,63.32922656,Jeffrey Doane,US,Member
1743,M,64.18617385,Antoine Bazin,FR,Member
1744,M,54.26146475,Seamus Manzali,IT,Member
1745,F,35.37577002,Doris Mittag,AT,Normal
1746,M,47.30732375,Shaun Burgh,GB,Normal
1747,M,38.26694045,Larry Viker,US,Member
1748,M,31.42778919,Jürgen Riesch,DE,Member
1749,M,57.26762491,Marquise Ranson,US,Member
1750,M,24.41341547,Frank Onken,DE,Normal
1751,M,20.38329911,Flemming Schønberg Schleiss,DK,Normal
1752,F,70.30253251,Anita Goodoff,US,Member
1753,M,49.34428474,Damias Robinson,US,Normal
1754,M,44.183436,Mark Dain,US,Member
1755,M,35.27720739,Ben Jao,US,Normal
1756,F,63.21971253,Susanne Kellermann,DE,Member
1757,F,38.19575633,Silvana Muschiato,IT,Member
1758,F,55.23340178,Renate Schwarzer,DE,Member
1759,M,64.29021218,Todd Skowronski,US,Normal
1760,M,59.35386721,Pin Whitehand,GB,Member
1761,M,18.39835729,Desilu Hawkesworth,US,Member
1762,M,57.24572211,Robert Alderdice,AU,Normal
1763,M,23.40041068,William Mccardle,US,Member
1764,F,36.23271732,Joann Quintiliani,US,Normal
1765,F,53.38261465,Veronique Martin,FR,Normal
1766,M,32.19438741,Harley Hittle,US,Normal
1767,M,18.24503765,Markus Schrader,DE,Member
1768,M,23.3155373,Medwick Minguez,US,Normal
1769,M,29.26762491,Guy Mcilroy,GB,Member
1770,M,49.26488706,Dez Geffs,GB,Member
1771,F,51.33744011,Nathalie Bachelier,FR,Member
1772,F,17.43737166,I.H. Van Den Born,NL,Normal
1773,F,44.1889117,Kalpana Salgado,AU,Member
1774,M,37.2238193,Yves Fabayre,FR,Normal
1775,M,46.37371663,J.C.P.M. Van Kleeff,NL,Normal
1776,M,19.40314853,Blonnie Holste,US,Normal
1777,M,36.29568789,Albert Ploegaerts,BE,Normal
1778,M,65.20465435,Walter Matzer,US,Member
1779,F,66.23682409,Julie Gammons,US,Normal
1780,M,56.37234771,Philippe Ollivon,FR,Normal
1781,M,22.24503765,Raffaele Di Pumpo,IT,Member
1782,F,22.21765914,Claudia Sauro,DE,Member
1783,F,34.30253251,Corinne Claustres,FR,Normal
1784,F,16.39972621,Gabriele de Marchi,CH,Normal
1785,F,35.2991102,Patrizia Pizzorno,IT,Member
1786,F,30.30800821,Mary Williams,US,Normal
1787,F,34.2642026,Maria Lucia Buonvino,IT,Member
1788,F,33.24572211,Nancy Olson-Miller,US,Member
1789,M,55.32375086,Piero Tomasone,CH,Normal
1790,F,29.37166324,Francoise Frachot,FR,Normal
1791,M,53.35797399,Harvey Grant,GB,Member
1792,M,40.19712526,Gyorgy Tofanin,IT,Member
1793,M,38.23134839,Erhan Umran,TR,Normal
1794,F,48.36960986,Wyndy Trivedi,US,Normal
1795,M,30.36002738,Oliver J. Kircher,DE,Member
1796,M,29.19096509,Peter Steeds,GB,Normal
1797,M,44.41067762,Reddi Dubisky,US,Normal
1798,F,56.32580424,Rachel Obenreder,US,Member
1799,F,38.31622177,Marilena Torrini,IT,Member
1800,F,52.21355236,Carina de Man,BE,Member
1801,M,63.28542094,Mark Monaghan,US,Normal
1802,F,33.24024641,Jodie Martin,US,Normal
1803,M,61.33059548,Timothy Pearce,US,Member
1804,F,69.17180014,Dantzlere Look,US,Normal
1805,M,55.27720739,Stephen Cush,US,Normal
1806,F,28.41067762,Mildred Sessum,US,Member
1807,M,30.28884326,Thomas Broders,US,Normal
1808,F,24.36687201,Renata Fabretti Longo,IT,Member
1809,M,47.32922656,Herbert Duchon,US,Normal
1810,F,20.29842574,Cammy Lenart-Redmond,US,Normal
1811,F,52.21629021,Nancy Mighton,US,Normal
1812,F,68.28473648,K'Rhonda Elnaggar,US,Normal
1813,F,69.28678987,Maida Penniman,US,Member
1814,F,39.23340178,Shereen Flaming,US,Normal
1815,M,62.20396988,Norbert M. Breder,DE,Member
1816,F,48.41889117,Madelene Muir,GB,Member
1817,F,26.4312115,Wendy Lawrence,US,Member
1818,M,24.38603696,Elmar Jung,DE,Normal
1819,M,42.36550308,G.J.M. Van Eeuwijk Mim,NL,Normal
1820,F,57.2183436,Bob Hamilton,GB,Normal
1821,F,55.18412047,Elvira Stinnes,DE,Member
1822,M,13.3744011,Klaus Stahmer,DE,Normal
1823,M,31.24435318,Carl Orff,US,Normal
1824,F,14.24229979,Belinda Lehmkuhl,US,Member
1825,M,48.38056126,Mununga Stocz,US,Normal
1826,M,55.36481862,Sancar Tuncbilek,TR,Normal
1827,M,64.36687201,Jürgen Hake,DE,Normal
1828,F,43.2936345,Marianne Mohapatra,US,Normal
1829,M,60.31759069,R.W. Jayetileke,NL,Member
1830,F,35.26899384,Sharon Dunn,US,Normal
1831,M,61.38261465,Lock Wandke,AU,Member
1832,F,20.43805613,Carla Pennacchiotti,IT,Member
1833,F,64.24914442,Brandye Harris,US,Normal
1834,M,51.34017796,Ramón Longin,ES,Normal
1835,M,36.27104723,Louis-Jean Marecaux,FR,Member
1836,M,70.28336756,Emilio Pescetti,IT,Member
1837,M,34.23956194,Giovanni Buset,IT,Member
1838,M,55.20328542,Stephen Bell,GB,Member
1839,M,17.25393566,John Albanese,US,Member
1840,M,59.34291581,Patrick Rose,US,Normal
1841,F,56.28473648,Marussia Papagni,IT,Normal
1842,M,56.22450376,Daniel Grigg,US,Normal
1843,M,29.19644079,William Miller,US,Normal
1844,F,33.29774127,Gill Caudle,GB,Member
1845,M,64.19164956,Ellory Krieger,US,Normal
1846,M,32.42162902,Phillip Centamore,US,Normal
1847,F,27.41409993,Hali Haiglep,US,Member
1848,M,25.26488706,Harden Smith,US,Normal
1849,F,42.19301848,Susanne Arens,DE,Normal
1850,F,20.29842574,Ana Moral,ES,Normal
1851,F,44.18617385,Bilge Tuncbilek,TR,Normal
1852,F,48.33127995,Jennelle Bonfanti,US,Member
1853,M,64.36687201,Michael Jeter,US,Normal
1854,F,70.33264887,Evelyntyne Grey,US,Normal
1855,F,38.29158111,Gussie Tolley,US,Member
1856,M,64.38329911,Nesrin Ankan,TR,Member
1857,M,29.19644079,Carlo Andrea Bastoni,IT,Member
1858,M,37.4072553,W.J. Meijering,NL,Member
1859,M,18.32443532,Thomas Orourke,US,Normal
1860,M,23.28542094,Jahmaul Hoganson,US,Normal
1861,F,66.30253251,Jan-Reijer Schuijt,NL,Normal
1862,M,18.27789185,Liz Gadhania,GB,Member
1863,M,56.37508556,Paul Lindemuth,US,Normal
1864,F,60.22997947,Miranda Ragaglini,IT,Member
1865,M,65.33607118,Borja Martín Martín,ES,Member
1866,M,31.3045859,Djosse Atchade,BJ,Member
1867,M,32.38603696,Arne Molland,NO,Member
1868,F,53.29500342,Alev Donders,US,Member
1869,M,50.38193018,Francois Chretien,FR,Member
1870,F,20.40246407,Ursula Pfennig,DE,Normal
1871,F,69.2019165,Valerie Cirodde,FR,Member
1872,M,14.40109514,Jürgen Maass,DE,Normal
1873,M,21.27036277,Luis Lledó,ES,Member
1874,F,58.32443532,Vergelean Alonso,US,Normal
1875,M,49.24845996,Courtney Kaisershot,US,Member
1876,F,28.38877481,Lidia Yassouridis,DE,Normal
1877,M,57.28131417,Alfiero Cagol,IT,Normal
1878,M,30.36824093,Antonio Pizzoferrato,IT,Normal
1879,F,54.23682409,Anna Wiggins,US,Normal
1880,M,24.30937714,Omar Wasington,US,Normal
1881,M,58.26694045,Berry Chapman-Pointer,US,Normal
1882,M,16.28473648,James Tesfagiorgis,US,Normal
1883,M,51.35934292,Patrick Alain,FR,Normal
1884,M,38.29705681,Randolph Schrage,US,Member
1885,M,15.38945927,Vem Chiera,AU,Normal
1886,F,55.33196441,Sabine Kalauf,DE,Member
1887,M,66.35181383,Björn Andersson,SE,Member
1888,M,15.38124572,Joseph Shahravar,US,Member
1889,F,59.39219713,Martha Van Staalduinen,US,Normal
1890,M,51.28542094,Franklin Sakakeeny,US,Member
1891,M,29.24845996,Clifford Siau,US,Member
1892,F,41.3744011,Mary Cullen,US,Member
1893,F,50.22039699,Milagros Almira García,ES,Member
1894,F,45.35523614,Margory Okoli,US,Normal
1895,M,29.35797399,Camelia Ptakowski,US,Member
1896,M,49.30321697,Steven Toner,US,Normal
1897,M,40.32032854,Roger G Wilson,GB,Member
1898,F,63.27720739,Lena Bergling,SE,Normal
1899,M,36.18617385,Pedro Miguel Calhau,PT,Member
1900,M,51.27173169,R.B. Schweighauser,NL,Normal
1901,F,52.37508556,Naja Lebrun,FR,Normal
1902,F,62.30800821,Rose Creedon,IE,Normal
1903,F,34.25051335,Yolanda Greer,US,Member
1904,M,53.24298426,Emile Ollivon,FR,Member
1905,M,50.41204654,Dimitri Fedden,AU,Member
1906,M,24.19986311,Duytan Milman,US,Member
1907,M,39.20054757,Jacques Maillot,FR,Member
1908,M,66.31895962,Didier Vogel,FR,Normal
1909,F,28.34770705,Jacqueline Parton,US,Normal
1910,M,50.22587269,Keith Balletta,US,Normal
1911,M,30.19028063,William Woodell,US,Normal
1912,F,61.2183436,Barbara Torpey,US,Normal
1913,F,24.3559206,Brenda Burdi,US,Member
1914,M,42.41752225,Roger Willems,US,Member
1915,F,61.2019165,Valentina Saia,IT,Normal
1916,M,49.33333333,Thatcher Whych,US,Normal
1917,M,44.27104723,Svetoslav Osten,DE,Member
1918,F,29.19917864,Barbara Whitehouse,GB,Normal
1919,M,36.21629021,Kegan Larramendi,GB,Member
1920,F,59.39493498,Ulla Baranowski,SE,Normal
1921,M,26.26694045,Michael Mosley-Chamberlain,US,Member
1922,F,70.20123203,Sabine Niesten,NL,Member
1923,M,13.2073922,Pedro Afonso,PT,Member
1924,M,64.30663929,Wilmuth Impink,US,Member
1925,M,34.34633812,Arvo Spence,US,Normal
1926,F,34.32443532,Maria Teresa Frabasile,IT,Normal
1927,M,49.35797399,Bernie Drivas,AU,Normal
1928,M,26.38740589,Spyro Madauss,US,Normal
1929,F,40.24366872,Katja Hennerici,DE,Normal
1930,M,24.26830938,Holger Kryzer,DE,Normal
1931,M,17.32785763,Dejan Novak,SI,Normal
1932,M,27.26625599,Cain Licciardi,US,Normal
1933,M,55.33470226,Carlo Morelli,CH,Member
1934,M,49.3853525,Addam Hunter,US,Member
1935,M,41.36892539,Leon Matthys,US,Member
1936,F,40.21902806,Nicola Mahony,GB,Normal
1937,M,68.1889117,Neal Thacher,US,Member
1938,M,43.20328542,Hans Peter Grenzhäuser,DE,Normal
1939,F,65.37713895,Vivi Agnete Ingstrup,DK,Normal
1940,M,69.27310062,Cäsar Böger,DE,Normal
1941,F,57.229295,Isa Winnenburg,DE,Normal
1942,F,38.20123203,Veronique Emond,NL,Normal
1943,F,31.24435318,Roshell Fratello,US,Member
1944,F,15.41683778,Kent Dunroe,US,Normal
1945,F,33.28678987,Poncetta Chase,US,Normal
1946,F,56.39972621,Evelyn Minard,US,Normal
1947,F,17.34154689,Susan Fisher,US,Member
1948,F,63.17864476,Audie-Sue Agbayani,US,Normal
1949,M,60.16974675,Frederic Dulong,FR,Member
1950,M,30.34633812,Michael Dimartino,US,Normal
1951,F,65.24298426,Isabelle Mackibben,GB,Normal
1952,F,59.32922656,Joeli Gretton,GB,Member
1953,M,45.27583847,Alain Ganthier,FR,Member
1954,M,29.42915811,Brent Starck,US,Member
1955,F,24.19438741,Nichole Daisy,US,Member
1956,M,16.27926078,Rainer Schein,DE,Member
1957,M,58.34633812,Manfred Neuenburg,LU,Normal
1958,M,66.30800821,Serigne Buechler,US,Member
1959,F,22.34360027,Sylvia Sperling,AT,Member
1960,F,28.26009582,Mirca Chemolli,IT,Member
1961,F,35.3100616,Homa Bullard,US,Member
1962,M,45.24845996,Peter Sommer,DE,Normal
1963,M,31.35386721,Gonçalo Vicente,PT,Normal
1964,M,61.35797399,Theron Harriss,US,Member
1965,M,22.35728953,Roland Schliep,DE,Normal
1966,F,34.26146475,María Isabel Gómez,ES,Member
1967,M,68.32032854,Jon Pengelly,US,Member
1968,M,54.17385352,Jimmy Emmons,US,Normal
1969,M,44.41615332,Pierre Jeannerot,FR,Member
1970,F,65.23750856,Daria Maria Rolo,PT,Member
1971,F,13.30595483,Anabella Mangone,US,Normal
1972,F,23.2881588,Vanessa Kicak,US,Normal
1973,M,36.31211499,Ebern Virkler,US,Member
1974,M,47.23340178,Stefano Cassol,IT,Normal
1975,M,57.35523614,Martin Basnet,GB,Normal
1976,M,14.37645448,Bhanuprasd Allison-Chobot,US,Member
1977,M,55.29637235,Donald Garska,US,Normal
1978,M,19.30732375,Waino Hillsgrove,US,Normal
1979,F,16.21629021,Kirsi-Hannele Lainevuo,FI,Member
1980,F,15.2881588,Alison Jayetileke,GB,Normal
1981,M,70.20944559,Gunnar Bennett,SE,Normal
1982,F,63.26899384,Janice Clanton,US,Member
1983,M,23.39493498,Seab Pongpila,US,Member
1984,M,33.36344969,Douglas Seawell,US,Normal
1985,F,54.39288159,Janeta Howard,US,Member
1986,M,37.3853525,Walter Jones,US,Member
1987,F,34.35181383,Zenora Tabois,US,Normal
1988,M,63.2936345,Sorin Gire,FR,Normal
1989,F,66.39561944,Jane Newmayer,AU,Normal
1990,F,28.40520192,Luechandra Sutton,US,Normal
1991,M,25.42094456,Franz-Michael Demir,DE,Normal
1992,M,68.16427105,Philippe Cadiot,FR,Normal
1993,M,55.36481862,José Manuel Uribe Beyer,ES,Normal
1994,F,53.25941136,María Valle Herrero,ES,Member
1995,F,43.41683778,Marie Safaj,SE,Member
1996,F,15.42778919,Laura Bataloni,IT,Normal
1997,F,43.37029432,Isabelle Pion,FR,Member
1998,M,38.36824093,A.J. Van Dulst,NL,Normal
1999,F,67.20328542,Cherce Van Hagen,US,Normal
2000,M,60.40520192,Christopher Mcabee,US,Normal
